language_no	language	predicate_no	predicate_label_en	argument_frame_en	predicate_label_ru	argument_frame_ru	verb	X	Y	locus	valency_pattern	comms	sentence	GLOSSES_EN	back_translation_en	glosses_ru	back_translation_ru	comms_internal
8	Basque	125	marvel	X (marvel) at Y	поражаться	X (поражаться) Y-у	*	*	*	*		No satisfactory translation has been obtained.	*	*	*			The only translations obtained are the same verbs and patterns as in 118, with a comment than a bivalent pattern with the experiencer as subject and a nominal stimulus NP is not very natural: ? “Kepa hiri horre-ta-z harri-tu da.” [Петя[abs] город этот-indf-ins удивляться(ся)-prf abs3sg.prs]. The transitive conversive pattern is possible but not very precise semantically: “Hiri hon-ek harri-tu d-u Kepa.” [город этот-erg удивлять-prf abs3prs[abs.sg]-erg/abs[erg3sg] Петя[abs]] ‘П. поразился этому городу’. (= Этот город удивил Петю).
8	Basque	128	get_irritated	X (get irritated) with Y	раздражаться	X (раздражаться) на Y-а	*	*	*	*		No satisfactory translation has been obtained.	*	*	*			The only translation obtained involved the same verb “haserretu” used in 117 and 122 with the same ABS_COM pattern, but here, it is not very exact semantically.
8	Basque	93	hear	X (hear) Y	слышать	X (слышать) Y	aditu	ERG	ABS	TR	TR		Kepa-k musika adi-tzen d-u	PN-ERG музыка[ABS.SG] слышать-IPFV ABS3PRS[ABS.SG]-ERG/ABS[ERG3SG]	‘Кепа слышит музыку’.			
8	Basque	98	agree	X (agree) with Y	соглашаться	X (соглашаться) с Y-ом	ados jarri	ABS	COM	Y	ABS_COM		Kepa Miren-ekin ados jarr-i dа	PN[ABS] PN-COM *согласный становиться-PFV ABS3SG.PRS	‘Кепа согласился с Миренй’.			CV. An alternative is a construction where X and Y are simply coordinated.
8	Basque	29	forget	X (forget) (about) Y	забывать	X (забывать) об Y-е	ahaztu	DAT	ABS	X	DAT_ABS		Kepa-ri beste bide-a ahaz-tu zai-o	PN-DAT другой дорога-SG[ABS] забывать-PFV [ABS3PRS]ABS/DAT[ABS.SG]-DAT3SG	‘Кепа забыл о другой дороге’.			A near synonym is “ahantzi”, with both verbs used in the same range of possible constructions. Apart from the DAT_ABS pattern, further possible patterns are 1) TR “Kepa-k beste bide-a ahaz-tu du.” [Петя-erg другой дорога-sg[abs] забывать-pfv abs3prs[abs.sg]-erg/abs[erg3sg]] and 2) abs-ins, which is used less frequently than the former two options: “Kepa beste bide-a-z ahaz-tu da.” [Петя[abs] другой дорога-sg-ins забывать-pfv abs3sg.prs] ‘Петя забыл о другой дороге’.
8	Basque	48	dream	X (dream) of Y	мечтать	X (мечтать) об Y-е	amestu	ERG	ABS	TR	TR		Kepa-k auto berri bat ames-ten d-u	PN-ERG машина новая один[ABS.INDF] мечтать-IPFV ABS3PRS[ABS.SG]-ERG/ABS[ERG3SG]	‘Кепа мечтает о новой Миренне’.			Alternatives are: 1) the same verb “amestu” used in the ERG_COM pattern, probably under the Spanish influence: “Kepa-k auto berri bat-ekin ames-ten d-u.” [Петя-erg машина новая один-com.indf мечтать-ipfv abs3prs[abs.sg]-erg/abs[erg3sg]]. 2) CV “amets egin” [dream make] used in the ERG_COM pattern “Kepa-k auto berri bat-ekin amets egi-ten d-u.” [Петя-erg машина новая один-com.indf мечта[abs.indf] делать-ipfv abs3prs[abs.sg]-erg/abs[erg3sg]] and 3) “amets(a) izan” [dream have], used in the TR pattern: “Kepa-k auto berri bat d-u amets.” [Петя-erg машина новая один[abs.indf] abs3prs[abs.sg]-erg/abs[erg3sg] мечта[abs.indf]] ‘Петя мечтает о новой машине’.
8	Basque	97	dream#sleeping#	X (dream) about Y	сниться	X-у (сниться) Y	amets egin	ERG	COM	Y	ERG_COM		Kepa-k Miren-ekin amets egi-ten d-u	PN-ERG PN-COM сон[ABS.INDF] делать-IPFV ABS3PRS[ABS.SG]-ERG/ABS[ERG3SG]	‘Кепе снится Мирен’.			CV. The pattern is probably calqued from Spanish “soñar con”.
8	Basque	6	resemble	X (resemble) Y	быть похожим	X (быть похожим) на Y(-а)	antza izan	*	*	*		Not included in the database because Y is expressed as an NP-internal modifier.	Kepa-k Miren-en antz-a d-u	PN-ERG PN-GENP сходство-SG[ABS] ABS3PRS[ABS.SG]-ERG/ABS[ERG3SG]	‘Кепа похож на Мирен’.			CV. Sometimes (less frequently) the verb “eduki” ‘have, hold’ is used instead of ‘izan’.
8	Basque	47	wave	X (wave) Y	махать	X (махать) Y-ом	astindu	ERG	ABS	TR	TR		Kepa zapi-a astin-tzen ari da	PN[ABS] платок-SG[ABS] махать-IPFV PROG ABS3SG.PRS	‘Кепа Мирент платком’.			This particular sentence features absolutive agreement of the verb due to the use of the progressive construction.
8	Basque	14	go_out	X (go out) of Y	выходить	X (выходить) из Y-а	atera	ABS	ABL	Y	ABS_ABL		Kepa etxe-tik atera da	PN[ABS] [SG]-ABL выходить[PFV] ABS3SG.PRS	‘Кепа вышел из дома’.			Alternatives are “irten”, “jalgi”, “ilki”, all used in the same pattern.
8	Basque	65	fall_behind	X (fall behind) Y	отстать	X (отставать) от Y-а	atzean geratu 	*	*	*		Not included in the database because Y is expressed as an NP-internal modifier.	Kepa Miren-en atze-a-n gera-tu da	PN[ABS] PN-GENP задняя.часть-SG-IN остаться-PFV ABS3SG.PRS	‘Кепа отстал от Мирен’.			CV. Х остался в задней части Y-а, Y - зависимое имени. Alternative is the CV “atzean gelditu” [rear.part-SG-IN remain].
8	Basque	19	catch_up	X (catch up) with Y	догнать	X (догонять) Y(-а)	atzeman	ERG	ABS	TR	TR		Kepa-k Miren atzeman d-u	PN-ERG PN[ABS] догнать[PFV] ABS3PRS[ABS.SG]-ERG/ABS[ERG3SG]	‘Кепа догнал Мирен’.			
8	Basque	55	find	X (find) Y	находить	X (находить) Y(-а)	aurkitu	ERG	ABS	TR	TR		Kepa-k giltz-ak aurki-tu d-it-u	PN-ERG ключ-PL[ABS] находить-PFV ABS3PRS-ABS.PL-ERG/ABS[ERG3SG]	‘Кепа нашёл ключи’.			Alternative is “topatu”, also a transitve verb
8	Basque	41	bite	X (bite) Y	кусать	X (кусать) Y-а	ausiki	ERG	ABS	TR	TR		txakurr-a-k Kepa ausiki d-u	собака-SG-ERG PN[ABS] кусать[PFV] ABS3PRS[ABS.SG]-ERG/ABS[ERG3SG]	‘Собака укусила Кепу’.			Alternatives are CVs “kosk egin” and “haginka egin” [bite make] used int eh ERG_DAT pattern.
8	Basque	100	cost	X (cost) Y	стоить	X (стоить) Y (один доллар)	balio izan	ERG	ABS	TR	TR		kikara hon-ek dolar bat balio du	чашка этот-ERG доллар один[ABS.INDF] стоимость[ABS.INDF] ABS3PRS[ABS.SG]-ERG/ABS[ERG3SG]	‘Эта чашка стоит один доллар’.			CV. Alternative is the verb “kostatu” (a Spanish loanword) which is used in the ABS_ABS pattern and allows agreement with the either the object or the price. However, this structure is less frequent than the one accepted.
8	Basque	95	look	X (look) at Y	смотреть	X (смотреть) на Y	begiratu	ERG	ALL	Y	ERG_ALL		Kepa-k hodei-eta-ra begira-tzen d-u	PN-ERG тучи-PL-ALL смотреть-IPFV ABS3PRS[ABS.SG]-ERG/ABS[ERG3SG]	‘Кепа смотрит на тучи’.			Alternative is the same verb used in the ERG_DAT pattern: “Kepa-k itsaso-a-ri begira-tzen d-i-o.” [Петя-erg море-sg-dat смотреть-ipfv abs3prs-erg/abs/dat[abs.sg]-dat3sg[erg3sg]] ‘Петя смотрит на море’. Some speakers report a semantic nuance associated with the two patterns, so that ALL highlights the location meaning (direction of gaze), whereas DAT highlights the object itself. When Y is ‘clouds” the allative is more natural. A further alternative is “so egin” [gaze make]”.
8	Basque	59	need	X (need) Y	нуждаться	X (нуждаться) в Y-е	behar izan	ERG	ABS	TR	TR		Kepa-k diru-a behar d-u	PN-ERG деньги-SG[ABS] необходимость[ABS.INDF] ABS3PRS[ABS.SG]-ERG/ABS[ERG3SG]	‘Кепе нужны деньги’.			CV
8	Basque	116	envy	X (envy) Y	завидовать	X (завидовать) Y-у	bekaiztu	ABS	DAT	Y	ABS_DAT		Kepa Miren-i bekai-tzen zai-o	PN[ABS] PN-DAT завидовать-IMP [ABS3PRS]ABS/DAT[ABS.SG]-DAT3SG	‘Кепа завидует Мирен’.			Alternatives are 1) the verb “jelostu” used the TR or ABS_DAT pattern, “Kepa-k Miren jelos-ten d-u.” [Петя-erg Маша[abs] завидовать-imp abs3prs[abs.sg]-erg/abs[erg3sg]], 2) the verb “inbidiatu” used in the ERG_DAT pattern: “Kepa-k Miren-i inbidia-tzen d-i-o.” [Петя-erg Маша-dat завидовать-imp abs3prs-erg/abs/dat[abs.sg]-dat3sg[erg3sg]] and 3) several nominal constructions, such as “Kepak Mireni inbidia dio.” and “Kepak Mirenen inbidia du.”
8	Basque	3	be_afraid	X (be afraid) of Y	бояться	X (бояться) Y-а	beldur izan	ERG	DAT	Y	ERG_DAT		Kepa-k zakurr-a-ri beldur d-i-o	PN-ERG собака-SG-DAT страх[ABS.INDF] ABS3PRS-ERG/ABS/DAT[ABS.SG]-DAT3SG[ERG3SG]	‘Кепа боится собаку’.			CV. Alternative is the construction with the predicate “beldur izan”, where Y is coded as an NP-internal possessor: “Kepa zakurr-a-ren beldur da.” [Петя[abs] собака-sg-gen страх[abs.indf] abs3sg.prs]. In this alternative option, the verb does not agree with the word for ‘fear’.
8	Basque	54	fill#intr#	X (fill) with Y	наполняться	X (наполняться) Y-ом	bete	ABS	INS	Y	ABS_INS		ontzi-a ur-ez bete da	ведро-SG[ABS] вода-INS.INDF наполняться[PFV] ABS3SG.PRS	‘Ведро наполнилось водой’.			“bete” is a labile verb.
8	Basque	39	look_for	X (look for) Y	искать	X (искать) Y(-а)	bilatu	ERG	ABS	TR	TR		Kepa giltz-ak bila-tzen ari da	PN[ABS] ключ-PL[ABS] искать-IPFV PROG ABS3SG.PRS	‘Кепа ищет ключи’.			This particular sentence features absolutive agreement of the verb due to the use of the progressive construction. Alternative is the borrowed verb “xerkatu”, used in the TR pattern.
8	Basque	23	fight	X (fight) with Y	драться	X (драться) с Y-ом	borrokatu	ABS	kontra	Y	ABS_kontra		Kepa Miren-en kontra borroka-tu da	PN[ABS] PN-GENP против драться-PFV ABS3SG.PRS	‘Кепа подрался с Миренй’.			For some speakers, an available alternative is the ABS_COM pattern, which is, however, ambiguous with the comitative reading (X and Y fight together against someone else). “Kepa Miren-ekin borroka-tu dа” [Петя[abs] Маша-com драться-pfv abs3sg.prs] ‘Петя подрался с Машей’. Further alternatives are several complex verbs, typically alllowing the same two patterns: “borroka egin”, “borroka-n ibili”, “borroka ari izan”.
8	Basque	4	throw	X (throw) Y	бросить	X (бросить) Y(-а)	bota	ERG	ABS	TR	TR		Kepa-k harri-a bota d-u 	PN-ERG камень-SG[ABS] бросать[PFV] ABS3PRS[ABS.SG]-ERG/ABS[ERG3SG]	‘Кепа бросил камень’. 			Same as 102. Alternative is a less frequent verb “jaurti” with the same pattern.
8	Basque	102	pour	X (pour) Y	сыпать	X (сыпать) Y	bota	ERG	ABS	TR	TR		Kepa-k azukre-a bota d-u	PN-ERG сахар-SG[ABS] сыпать-PFV ABS3PRS[ABS.SG]-ERG/ABS[ERG3SG]	‘Кепа насыпал сахар’.			Same as 4.
8	Basque	120	enjoy	X (enjoy) Y	наслаждаться	X (наслаждаться) Y-ом	dastatu	ERG	ABS	TR	TR		Kepa-k te bero-a dasta-tzen d-u	PN-ERG чай горячий-SG[ABS] наслаждаться-IMP ABS3PRS[ABS.SG]-ERG/ABS[ERG3SG]	‘Кепа наслаждается горячим чаем’.			
8	Basque	31	call	X (call) Y	звать	X (звать) Y-а	deitu	ERG	DAT	Y	ERG_DAT		Kepa-k Miren-i dei-tu d-i-o	PN-ERG PN-DAT звать-PFV ABS3PRS-ERG/ABS/DAT[ABS.SG]-DAT3SG[ERG3SG]	‘Кепа позвал Мирен’.			Same verb as in 51, different pattern. In French Basque country, the same verb is used in the TR pattern: “Kepa-k Miren dei-tu d-u.” [Петя-erg Маша[abs] звать-pfv abs3prs[abs.sg]-erg/abs[erg3sg]]. A further alternative is a CV “dei/ deiadar/ hots egin” [call make], which is used with the erg-dat pattern.
8	Basque	51	be_called	X (be_called) Y	называться	X (называться) Y	deitu	ABS	ABS(NO.AGR)	Y	ABS_ABS(NO.AGR)		tresna hau iparorratz-a dei-tzen da	устройство этот[ABS.SG] компас-SG[ABS] называться-IPFV ABS3SG.PRS	‘Это устройство называется компасом’.			Same verb as in 31, different pattern. The verb agrees with the X argument. A number of alternatives are available: 1) The same verb “deitu” used in the DAT_ABS pattern (a less frequent option): “Tresna hon-i iparorratz-a dei-tzen zai-o.” [устройство этот-dat.sg компас-sg[abs] называться-ipfv [abs3prs]abs/dat[abs.sg]-dat3sg] ‘Это устройство называется компасом’. 2) the simplex verb “iritzi” used in the DAT_ABS pattern: “Tresna hon-i iparorratz-a d-eritz-o.” [устройство этот-dat.sg компас-sg[abs] abs.3sg-называться-dat3sg] ‘Это устройство называется компасом’, which also allows “deritza” instead of “deritzo”, and 3) the CV “izena izan” [name have] used in the TR pattern: “Tresna hon-ek iparorratz -a d-u izen-a.” [устройство этот-erg.sg компас-sg[abs] abs3prs[abs.sg]-erg/abs[erg3sg] имя-sg[abs]].
8	Basque	64	be_different	X (be different) from Y	отличаться	X (отличаться) от Y-а	desberdin izan 	*	*	*		Not included in the database because X and Y are expressed as a coordinate NP. Non-verbal predicate.	nire alkandora eta zurea bestelako-ak dira	мой рубашка[ABS.SG] и твоя-ABS.SG другой-ABS.PL ABS3PL.PRS	‘Моя рубашка отличается от твоей’  (букв. ‘Моя рубашка и твоя разные’).			X и Y разные. Alternative is “bestelako izan”, also a non-verbal predicate [other be].
8	Basque	80	cut_oneself	X (cut oneself) with Y	порезаться	X (резаться) Y-ом	ebakia egin	ERG	COM	Y	ERG_COM		Kepa-k bizar-aitzurr-a-rekin ebaki-a egi-n d-u	PN-ERG бритва-SG-COM порез-SG[ABS] делать-PFV ABS3PRS[ABS.SG]-ERG/ABS[ERG3SG]	‘Кепа порезался бритвой’.			CV. Alternatives are “ebaki”, “moztu”, both used with the ABS_COM pattern.
8	Basque	71	drink	X (drink) Y	пить	X (пить) Y	edan	ERG	ABS	TR	TR		Kepa-k esne-a eda-n d-u	PN-ERG молоко-SG[ABS] пить-PFV ABS3PRS[ABS.SG]-ERG/ABS[ERG3SG]	‘Кепа выпил молока’.			
8	Basque	18	hold	X (hold)Y	держать	X (держать) Y(-а)	eduki	ERG	ABS	TR	TR		Kepa-k liburu-a dauka	PN-ERG книга-SG[ABS] ABS3SG.PRS.иметь.ERG3SG	‘Кепа держит книгу’.			This sentence can also be interpreted more broadly as ‘to have’ (unless something like “eskuetan” ‘in hands’ is added.
8	Basque	30	depend	X (depend) on Y	зависеть	X (зависеть) от Y-а	egon	ABS	baitan	Y	ABS_baitan	Non-verbal predicate.	oroimen-a adin-a-ren baitan da-go	память-SG[ABS] возраст-SG-GENP в ABS3PRS-находиться[ABS.SG]	‘Память зависит от возраста’.			
8	Basque	91	listen	X (listen) to Y	слушать	X (слушать) Y	entzun	ERG	ABS	TR	TR		Kepa irrati-a entzu-ten ari da	PN[ABS] радио-SG[ABS] слушать-IPFV PROG ABS3SG.PRS	‘Кепа слушает радио’.			In this specific sentence, the auxiliary displays the absolutive conjugation due to the use of the progressive construction. The ERG_DAT pattern is also possible with this verb.
8	Basque	10	influence	X (influence) Y	влиять	X (влиять) на Y(-а)	eragin	ERG	DAT	Y	ERG_DAT		adin-a-k eragi-ten d-i-o oroimen-a-ri	возраст-SG-ERG влиять-IPFV ABS3PRS-ERG/ABS/DAT[ABS.SG]-DAT3SG[ERG3SG] память-SG-DAT	‘Возраст влияет на память’.			Historically, this verb is a causative of “egin” ‘make’, which explains its 3-slot pattern. Alternative is the construction “eragin-a izan” [influence-abs.indf have], used in the “erg-in” pattern.
8	Basque	15	drive	X (drive) Y	гнать	X (гнать) Y-а	eraman	ERG	ABS	TR	TR		Kepa-k behi-a erama-ten d-u	PN-ERG корова гнать-IPFV ABS3PRS[ABS.SG]-ERG/ABS[ERG3SG]	‘Кепа гонит корову’.			Arguably, a causative from “joan” ‘go’.
8	Basque	62	answer	X (answer) Y	отвечать	X (отвечать) Y-у	erantzun	ERG	DAT	Y	ERG_DAT		Kepa-k erantzu-n egi-n d-i-o irakasle-a-ri	PN-ERG отвечать-[PFV] делать-PFV ABS3PRS-ERG/ABS/DAT[ABS.SG]-DAT3SG[ERG3SG] учитель-SG-DAT	‘Кепа ответил учителю’.			In this specific sentence, the auxiliary verb “egin” ‘make’ is used to achieve rhematization of the verb.
8	Basque	53	attack	X (attack) Y	напасть	X (нападать) на Y-а	eraso	ERG	DAT	Y	ERG_DAT		hartz-a-k arrantzale-a-ri eraso d-i-o	медведь-SG-ERG рыбак-SG-DAT напасть[PFV] ABS3PRS-ERG/ABS/DAT[ABS.SG]-DAT3SG[ERG3SG]	‘Медведь напал на рыбака’.			This is the most frequent pattern for this meaning. Near synonyms are the verbs “esetsi” and “jazarri” used in the same ERG_DAT pattern. Further alternatives include 1)  “oldartu” and “jazarri” used in the ABS_DAT pattern: “Hartz-a arrantzale-a-ri oldar-tu zai-o” [Медведь-sg[abs] рыбак-sg-dat напасть-pfv [abs3prs]abs/dat[abs.sg]-dat3sg] ‘Медведь напал на рыбака’ and 2) the verb “jauki” used in the TR pattern (found in the French Basque Country). Apart from this, a possible alternative is the CV “eraso-a jo” [attack hit], used in the ERG_DAT pattern. Finally, the verb “jazarri” can also be used in the ABS_DAT pattern.
8	Basque	85	give_birth	X (give birth) to Y	рожать	X (рожать) Y-а	erditu	ABS	INS	Y	ABS_INS		Miren seme bat-ez erdi-tu da	PN[ABS] сын один-INS.INDF рожать-PFV ABS3SG.PRS	‘Мирен родила сына’.			Near synonym is “erdi”, used in the same pattern. One more alternative is “seme-a izan” [son-abs[sg] have]. 
8	Basque	86	drop	X (drop) Y	ронять	X (ронять) Y	erortzen utzi	ERG	ABS	TR	TR		Kepa-k baso-a eror-tzen utz-i d-u	PN-ERG стакан-SG[ABS] падать-IPFV позволять-PFV ABS3PRS[ABS.SG]-ERG/ABS[ERG3SG]	‘Кепа уронил стакан’.			CV. An alternative is the DAT_ABS construction: “Kepa-ri baso-a eror-i zai-o.” [Петя-dat стакан-sg[abs] падать-pfv [abs3prs]abs/dat[abs.sg]-dat3sg] ‘У Пети упал стакан’, which is specifically possible in the case of involuntary dropping.
8	Basque	27	fry	X (fry) Y	жарить	X (жарить) Y	erre	ERG	ABS	TR	TR		Kepa-k arrain-a erre d-u	PN-ERG рыба-SG[ABS] жарить[PFV] ABS3PRS[ABS.SG]-ERG/ABS[ERG3SG]	‘Кепа пожарил рыбу (одну штуку)’.			Alternatives are “frijitu” (a borrowed verb), and “erregosi”, both used with the TR pattern.
8	Basque	110	respect	X (respect) Y	уважать	X (уважать) Y-а	errespetatu	ERG	ABS	TR	TR		Kepa-k Miren errespeta-tzen d-u	PN-ERG PN[ABS] уважать-IMP ABS3PRS[ABS.SG]-ERG/ABS[ERG3SG]	‘Кепа уважает Мирен’.			Alternative is “estimatu”. Both verbs are Romance loanwords.
8	Basque	17	tell	X (tell) Y	говорить	X (говорить) Y-у	esan	ERG	DAT	Y	ERG_DAT		Kepa-k honela esa-n d-i-o Miren-i: […]	PN-ERG так говорить-PFV ABS3PRS-ERG/ABS/DAT[ABS.SG]-DAT3SG[ERG3SG] PN-DAT	‘Кепа так сказал Мирен: […]’.			The verb used in France is “erran” with the same valency pattern.
8	Basque	88	miss	X (miss) Y	скучать	X (скучать) по Y-у	eskas izan	ERG	ABS	TR	TR		Kepa-k Miren eskas d-u	PN-ERG PN[ABS] нехватка[ABS.INDF] ABS3PRS[ABS.SG]-ERG/ABS[ERG3SG]	‘Кепа скучает по Мирен’.			CV. More common with inanimate Ys. An alternative is a CV where Y is expressed as an adnominal modifier: “Kepa-k Miren-en falta senti-tzen d-u.” [Петя-erg Маша-genp нехватка[abs.indf] чувствовать-ipfv abs3prs[abs.sg]-erg/abs[erg3sg]] ‘Петя скучает по Маше’. A still further alternative, commonly used with inanimate Ys is “mina izan” [pain-sg[abs] have], also used in a apttern where Y is expressed as an adnominal modifier.
8	Basque	75	cover	X (cover) Y	покрывать	X (покрывать) Y	estali	ERG	ABS	TR	TR		alfonbra-k lur oso-a estal-tzen d-u	ковер[SG]-ERG пол весь-SG[ABS] покрывать-IPFV ABS3PRS[ABS.SG]-ERG/ABS[ERG3SG]	‘Ковер покрывает весь пол’.			Alternative is the verb tapatu, also used in the TR pattern.
8	Basque	32	get_to_know	X (get to know) Y	знакомиться	X (знакомиться) с Y-ом	ezagutu	ERG	ABS	TR	TR		Kepa-k Miren duela urte bat ezagu-tu d-u	PN-ERG PN[ABS] тому.назад год один[ABS.INDF] знакомиться-PFV ABS3PRS[ABS.SG]-ERG/ABS[ERG3SG]	‘Кепа познакомился с Миренй год тому назад’.			Same as 33. Alternative is the verb “ezagun” used in the same TR pattern.
8	Basque	33	know	X (know) Y	знать 	X (знать) Y-а	ezagutu	ERG	ABS	TR	TR		Kepa-k Miren ezagu-tzen d-u	PN-ERG PN[ABS] знать-IPFV ABS3PRS[ABS.SG]-ERG/ABS[ERG3SG]	‘Кепа знает Мирен’.			Same as 32. Alternative is the verb “ezagun” used in the same TR pattern.
8	Basque	36	make	X (make) Y	изготовить	X (изготовить) Y	fabrikatu	ERG	ABS	TR	TR		Kepa-k lehergailu-a fabrika-tu d-u	PN-ERG бомба-SG[ABS] изготовлять-PFV ABS3PRS[ABS.SG]-ERG/ABS[ERG3SG]	‘Кепа изготовил бомбу’.			Alternative is the verb “egin” ‘make’, also used in the TR pattern.
8	Basque	56	be_short	X (be short) Y	недоставать	X-у (недоставать) Y-a	falta izan	DAT	ABS	X	DAT_ABS	Non-verbal predicate.	Kepa-ri euro bat falta zai-o	PN-DAT евро один-[ABS.INDF] нехватка[ABS.INDF] [ABS3PRS]ABS/DAT[ABS.SG]-DAT3SG	‘Кепе недостаёт одного евро’.			This is a Spanish loanword (“faltar” ‘lack, miss’). The same non-verbal predicate can also be used in in the TR pattern: “Kepa-k euro bat falta d-u.” [Кепа-erg евро один-[abs.indf] нехватка[abs.indf] abs3prs[abs.sg]-erg/abs[erg3sg]].
8	Basque	114	trust	X (trust) Y	доверять	X (доверять) Y-у	fidatu	ABS	COM	Y	ABS_COM		Kepa Miren-ekin fida-tzen da	PN[ABS] PN-COM доверять-IMP ABS3SG.PRS	‘Кепа доверяет Мирен.’			The same verb can also beused in the ABS_INS, ABS_DAT and ABS_IN patterns: “Kepa Miren-ez fida-tzen da.” [Петя[abs] Маша-ins доверять-imp abs3sg.prs], “Kepa Miren-i fida-tzen zai-o.” [Петя[abs] Маша-dat доверять-imp [abs3prs]abs/dat[abs.sg]-dat3sg], “Kepa Miren-engan fida-tzen da.” [Петя[abs] Маша-in доверять-imp abs3sg.prs].
8	Basque	123	take_offence	X (take_offence) at Y	обижаться	X (обижаться) на Y-а	gaitzitu	*	*	*		No satisfactory translation has been obtained.	*	*	*			The only equivalent obtained involves a dubious preposition borrowed from Spanish: “Kepa gaitzi-tu da Miren de-la kausa.” [Петя[abs] обижаться-prf abs3sg.prs Маша[abs] abs3sg.prs-comp из-за] ‘П. обиделся на М.’
8	Basque	42	forfeit	X (lose) Y	лишаться	X (лишаться) Y-а	galdu	ERG	ABS	TR	TR		Kepa-k etxe-a gal-du d-u	PN-ERG дом-SG[ABS] лишаться-PFV ABS3PRS[ABS.SG]-ERG/ABS[ERG3SG]	‘Кепа лишился дома’.			Same as 103. Same verb but different pattern as 82.
8	Basque	103	lose	X (lose) Y	терять	X (терять) Y	galdu	ERG	ABS	TR	TR		Kepa-k giltz-ak gal-du d-it-u	PN-ERG ключ-PL[ABS] терять-PFV ABS3PRS-ABS.PL-ERG/ABS[ERG3SG]	‘Кепа потерял ключи’.			Same as 42. Same verb but different pattern as 82. Alternative is the DAT_ABS pattern, which emphasizes the lack of control on the part of the X argument: “Kepa-ri giltz-ak gal-du zai-zki-o.” [Петя-dat ключ-pl[abs] терять-pfv [abs3prs]abs/dat-abs.pl-dat3sg] ‘У Пети потерялись ключи’.
8	Basque	82	lose#game#	X (lose) to Y	проиграть	X (проиграть) Y-у	galdu	ERG	DAT	Y	ERG_DAT		Kepa-k Miren-i gal-du d-i-o	PN-ERG PN-DAT проиграть-PFV ABS3PRS-ERG/ABS/DAT[ABS.SG]-DAT3SG[ERG3SG]	‘Кепа проиграл Мирен’.			Same verb as in 42, 103, different pattern. This is basically a trivalent verb, where the absolutive slot is routinely occupied by words like “game” etc. But this slot can also be left unoccupied.
8	Basque	49	wash	X (wash) Y	мыть	X (мыть) Y	garbitu	ERG	ABS	TR	TR		Kepa-k kikara garbi-tu d-u	PN-ERG чашка[ABS.SG] мыть-PFV ABS3PRS[ABS.SG]-ERG/ABS[ERG3SG]	‘Кепа вымыл чашку’.			Alternative is the verb “ikuzi”, also used in the TR pattern.
8	Basque	61	remain	X (have) Y left	оставаться	у X-а (оставаться) Y	gelditu	DAT	ABS	X	DAT_ABS		Kepa-ri 10 dolar geldi-tu zai-zki-o	PN-DAT 10 доллар[ABS.INDF] оставаться-PFV [ABS3PRS]ABS/DAT-ABS.PL-DAT3SG	‘У Кепы осталось 10 долларов’.			A near synonym is “geratu”, used in the same DAT_ABS pattern.
8	Basque	87	govern	X (govern) Y	руководить	X (руководить) Y	gobernatu	ERG	ABS	TR	TR		Kepa-k gure herri-a goberna-tzen d-u	PN-ERG наш поселок-SG[ABS] руководить-IPFV ABS3PRS[ABS.SG]-ERG/ABS[ERG3SG]	‘Кепа руководит нашим поселком’.			
8	Basque	129	be_fond	X (be fond) of Y	симпатизировать	X (симпатизировать) Y-у	gogoko izan	ERG	ABS	TR	TR		Kepa-k Miren gogo-ko d-u	PN-ERG PN[ABS] ум[SG]-GENL ABS3PRS[ABS.SG]-ERG/ABS[ERG3SG]	‘Кепа симпатизирует Мирен’.			CV. A near synonym is the CV “begi-ko izan” [eye[sg]-genl) have], also used in the TR pattern. The same CVs “begiko izan” and “gogoko izan” can also be used in the DAT_ABS pattern: "Kepa-ri Miren begi-ko zai-o." [Петя-dat Маша[abs] глаз[sg]-genl [abs3prs]abs/dat[abs.sg]-dat3sg] ‘Петя симпатизирует Маше’.
8	Basque	76	remember	X (remember) Y	помнить	X (помнить) Y-а	gogoratu	ERG	ABS	TR	TR		Kepa-k etxe-a ondo gogora-tzen d-u	PN-ERG дом-SG[ABS] хорошо помнить-IPFV ABS3PRS[ABS.SG]-ERG/ABS[ERG3SG]	‘Кепа хорошо помнит дом’.			Near synonyms are “oroitu”, “gomutatu”, “bururatu”, all used in the same TR pattern. The verbs “gogoratu”, “oroitu”, “gomutatu” can also be used in the ABS_INS pattern, recommended in some sources (Etxebarria 1995): “Kepa etxe-a-z ondo gogora-tzen da.” [Петя[abs] дом-sg-ins хорошо помнить-ipfv abs3sg.prs] ‘Петя хорошо помнит дом’. Apart from this, all these verbs can also be used in the DAT_ABS pattern, in which case they mean ‘come to mind’.
8	Basque	66	plough	X (plough) Y	пахать	X (пахать) Y	goldatu	ERG	ABS	TR	TR		Kepa-k soro-a golda-tzen d-u	PN-ERG поле-SG[ABS] пахать-IPFV ABS3PRS[ABS.SG]-ERG/ABS[ERG3SG]	‘Кепа пашет поле’.			Alternative is “irauli” used in the same TR pattern.
8	Basque	57	hate	X (hate) Y	ненавидеть	X (ненавидеть) Y-а	gorrotatu	ERG	ABS	TR	TR		Kepa-k Miren gorrota-tzen d-u	PN-ERG PN[ABS] ненавидеть-IPFV ABS3PRS[ABS.SG]-ERG/ABS[ERG3SG]	‘Кепа ненавидит Мирен’.			Near synonyms are “higuindu”, “gaitzetsi”, “herratu”, all used in the TR pattern. Further possibilities include CVs “hastio izan” [hatred have] used in the TR pattern, also “gorroto izan” [hatred have] used in either the TR pattern of the ERG_DAT pattern and also “aiher izan” [hatred be] used in the DAT_ABS pattern. 
8	Basque	58	like	X (like) Y	нравиться	X-у (нравиться) Y	gustatu	DAT	ABS	X	DAT_ABS		Kepa-ri alkandora hau gusta-tzen zai-o	PN-DAT рубашка этот[ABS.SG] нравиться-IPFV [ABS3PRS]ABS/DAT[ABS.SG]-DAT3SG	‘Кепе нравится эта рубашка’.			Same as 119. There are many alternative ways to convey the same meaning. The verb “gustatu” is sometimews used in a different pattern.
8	Basque	119	love2	X (love) Y	любить-2	X (любить) Y (чай/яблоки)	gustatu 	DAT	ABS	X	DAT_ABS		Kepa-ri te-a gusta-tzen zai-o	PN-DAT чай-SG[ABS] нравиться-IMP [ABS3PRS]ABS/DAT[ABS.SG]-DAT3SG	‘Кепа любит чай’.			Same as 58. Alternatives are the CV “maite izan” [loved have] used in the TR pattern: “Kepa-k te-a maite d-u.” [Петя-erg чай-sg[abs] любимый[abs.indef] abs3prs[abs.sg]-erg/abs[erg3sg]] and 2) and the CV “atsegin izan” [pleasure have], also used in the TR pattern: “Kepa-k te-a atsegin d-u.” [Петя-erg чай-sg[abs] удовольствие[abs.indef] abs3prs[abs.sg]-erg/abs[erg3sg]].
8	Basque	126	despise	X (despise) Y	презирать	X (презирать) Y-а	gutxietsi	ERG	ABS	TR	TR		Kepa-k Miren gutxies-ten d-u	PN-ERG PN[ABS] презирать-IMP ABS3PRS[ABS.SG]-ERG/ABS[ERG3SG]	‘Кепа презирает Мирен’.			Near synonym: “arbuiatu”.
8	Basque	43	try_to_catch	X (try to catch) Y	ловить	X (ловить) Y(-а)	harrapatu	ERG	ABS	TR	TR		Kepa gatu-a harrapa-tzen ari da	PN[ABS] кошка SG[ABS] ловить-IPFV PROG ABS3SG.PRS	‘Кепа ловит кошку’.			This particular sentence features absolutive agreement of the verb due to the use of the progressive construction. 
8	Basque	118	be_surprised	X (be surprised) at Y	удивляться	X (удивляться) Y-у	harritu	ABS	INS	Y	ABS_INS		Kepa opari horre-ta-z harri-tu da	PN[ABS] подарок этот-INDF-INS удивляться(ся)-PRF ABS3SG.PRS	‘Кепа удивился подарку’.			Alternative, which is semantically less precised, is the conversive ABS_ERG pattern: “Opari-a-k harri-tu d-u Kepa.” [подарок-sg-erg удивлять(ся)-prf abs3prs[abs.sg]-erg/abs[erg3sg] Петя[abs]], which is found with verbs like “txunditu”, “zurtu”. All these verbs are labile. In fact, as experiencer-subject verbs they typically do not take nominal complements and are rather used either as monovalent verbs or with complement clauses.
8	Basque	8	take	X (take) Y	взять	X (брать) Y(-а)	hartu	ERG	ABS	TR	TR		Kepa-k liburu-a har-tu d-u	PN-ERG книга-SG[ABS] взять-PFV ABS3PRS[ABS.SG]-ERG/ABS[ERG3SG]	‘Кепа взял книгу’.			
8	Basque	117	be_angry	X (be angry) with Y	злиться	X (злиться) на Y-а	haserretu	ABS	COM	Y	ABS_COM		Kepa Mirene-kin haserre-tzen da	PN[ABS] PN-COM злиться-IMP ABS3SG.PRS	‘Кепа злится на Мирен’.			Same as 122. A near synonym is “samurtu”, mainly used in the French Basque country in the same ABS_COM pattern. Arguably, the ABS_COM pattern has been influenced by the Spanish pattern with “con” and the verb “enfadarse”. Alternative pattern is ABS_DAT [Michelena 1981а: 170].
8	Basque	122	have_a_grudge	X (have a grudge) against Y	сердиться	X (сердиться) на Y-а	haserretu	ABS	COM	Y	ABS_COM		Kepa Mirene-kin haserre-tzen da	PN[ABS] PN-COM злиться-IMP ABS3SG.PRS	‘Кепа злится на Мирен’.			Same as 117. A near synonym is “samurtu”, mainly used in the French Basque country in the same ABS_COM pattern. Arguably, the ABS_COM pattern has been influenced by the Spanish pattern with “con” and the verb “enfadarse”. Alternative pattern is ABS_DAT [Michelena 1981а: 170].
8	Basque	44	break	X (break) Y	ломать	X (ломать) Y	hautsi	ERG	ABS	TR	TR		Kepa-k makila hauts-i d-u	PN-ERG палка[ABS.SG] ломать-PFV ABS3PRS[ABS.SG]-ERG/ABS[ERG3SG]	‘Кепа сломал палку’.			Near synonyms are “apurtu” and “puskatu”, both used in the TR pattern.
8	Basque	105	kill	X (kill) Y	убивать	X (убивать) Y-а	hil	ERG	ABS	TR	TR		Kepa-k Miren hil d-u	PN-ERG PN[ABS] убить[PFV] ABS3PRS[ABS.SG]-ERG/ABS[ERG3SG]	‘Кепа убил Мирен’.			
8	Basque	84	speak	X (speak) with Y	разговаривать	X (разговаривать) с Y-ом	hitz egin	ERG	COM	Y	ERG_COM		Kepa-k Miren-ekin hitz egin du	PN-ERG PN-COM слово[ABS.INDF] делать-PFV ABS3PRS[ABS.SG]-ERG/ABS[ERG3SG]	‘Кепа поговорил с Миренй’.			CV. Further alternatives include the same CV used in the ERG_DAT pattern: “Kepa-k Miren-i hitz egin d-i-o.” [Петя-erg Маша-dat слово[abs.indf] делать-pfv abs3prs-erg/abs/dat[abs.sg]-dat3sg[erg3sg]] ‘Петя поговорил с Машей’. In French Basque Country, the verb “mintzatu” is used, typically in the ABS_DAT pattern (TR and ERG_DAT are also registered): “Kepa Miren-i mintza-tu zai-o.” [Петя[abs] Маша-dat разговаривать-pfv [abs3prs]abs/dat[abs.sg]-dat3sg] ‘Петя поговорил с Машей’. The distribution of valency patterns mirrors the one observed in Spansih (con) vs. French (à)
8	Basque	70	write	X (write) Y	писать	X (писать) Y	idatzi	ERG	ABS	TR	TR		Kepa-k eskutitz-a idatz-i d-u	PN-ERG письмо-SG[ABS] писать-PFV ABS3PRS[ABS.SG]-ERG/ABS[ERG3SG]	‘Кепа написал письмо’.			
8	Basque	35	avoid	X (avoid) Y	избегать	X (избегать) Y-а	ihes egin	ERG	DAT	Y	ERG_DAT		Kepa-k Miren-i ihes egi-n d-i-o	PN-ERG PN-DAT бегство[ABS.INDF] делать-PFV ABS3PRS-ERG/ABS/DAT[ABS.SG]-DAT3SG[ERG3SG]	‘Кепа избегает Мирен’.			CV. Alternative is the CV “alde egin” [side make], also used in the ERG_DAT pattern.
8	Basque	9	see	X (see) Y	видеть	X (видеть) Y(-а)	ikusi	ERG	ABS	TR	TR		Kepa-k etxe-a ikus-ten d-u	PN-ERG дом-SG[ABS] видеть-IPFV ABS3PRS[ABS.SG]-ERG/ABS[ERG3SG]	‘Кепа видит дом’.			
8	Basque	60	surround	X (surround) Y	окружать	X (окружать) Y (стена город)	inguratu	ERG	ABS	TR	TR		harresi-e-k hiri-a ingura-tzen d-u-te	стена-PL-ERG город-SG[ABS] окружать-IPFV ABS3PRS[ABS.SG]-ERG/ABS-ERG3PL	‘Стены окружают город’.			
8	Basque	13	win	X (beat) Y	выиграть	X (выигрывать) у Y-а	irabazi	ERG	DAT	Y	ERG_DAT		Kepa-k Miren-i irabaz-i d-i-o	PN-ERG PN-DAT выиграть-PFV ABS3PRS-ERG/ABS/DAT[ABS.SG]-DAT3SG[ERG3SG]	‘Кепа выиграл у Мирен’. 			
8	Basque	108	read	X (read) Y	читать	X (читать) Y-а	irakurri	ERG	ABS	TR	TR		Kepa-k liburu interesgarri-a irakurr-i d-u	PN-ERG книга интересный-SG[ABS] читать-PFV ABS3PRS[ABS.SG]-ERG/ABS[ERG3SG]	‘Кепа прочитал интересную книгу’.			
8	Basque	63	open	X (open) Y	открывать	X (открывать) Y	ireki	ERG	ABS	TR	TR		Kepa-k lata ireki d-u	PN-ERG банка[ABS.SG] открывать-PFV ABS3PRS[ABS.SG]-ERG/ABS[ERG3SG]	‘Кепа открыл банку’.			
8	Basque	21	reach	X (reach) Y	достичь	X (достичь) Y-а (берега) 	iritsi	ABS	ALL	Y	ABS_ALL		Kepa itsasertze-ra iritsi da	PN[ABS] берег.моря-ALL достичь-PFV ABS3SG.PRS	‘Кепа достиг берега моря’.			Alternative is the verb “heldu” ‘reach, arrive’. Both verbs can also be used in the ABS_ALLIM pattern: “Kepa itsasertze-raino irits-i da.” [Петя[abs] берег.моря-alllim достичь-pfv abs3sg.prs] ‘Петя достиг берега (моря)’.
8	Basque	81	get_stuck	X (get stuck) to Y	прилипать	X (прилипать) к Y-у	itsatsi	ABS	DAT	Y	ABS_DAT		edalontzi-a mahai-a-ri itsats-i zai-o	стакан-SG[ABS] стол-SG-DAT прилипать-PFV [ABS3PRS]ABS/DAT[ABS.SG]-DAT3SG	Стакан прилип к столу.			Near synonym is the verb “atxiki” used in the same ABS_DAT pattern.
8	Basque	28	wait	X (wait) for Y	ждать	X (ждать) Y-а (сына)	itxaron	ERG	DAT	Y	ERG_DAT		Kepa-k Miren-i itxaro-ten d-i-o	PN-ERG PN-DAT ждать-IMF ABS3PRS-ERG/ABS/DAT[ABS.SG]-DAT3SG[ERG3SG]	‘Кепа ждёт Мирен’.			Alternative form of the verb is “itxoin”. Apart from that, the CV “zain egon” [waiter[abs.indf]) be.found] is also commonly used, where X is coced by ASB, and Y is coded as a nominal dependent of “zain”: “Kepa Miren-en zain da-go” [Петя[abs] Маша-genp ждущий[abs.indf] abs3prs-находиться[abs.sg]] ‘Петя ждёт Машу’. Firther options are available in the French Basque Country.
8	Basque	2	have#illness#	X (have) Y	болеть-2	X (болеть) Y-ом	izan	ERG	ABS	TR	TR		Kepa-k gripe-a d-u	PN-ERG грипп-SG[ABS] ABS3PRS[ABS.SG]-ERG/ABS[ERG3SG]	‘У Кепы грипп’			Same as 38.
8	Basque	38	have	X (have) Y	иметь	X (иметь) Y	izan	ERG	ABS	TR	TR		Kepa-k auto-a d-u	PN-ERG машина-SG[ABS] ABS3PRS[ABS.SG]-ERG/ABS[ERG3SG]	‘У Кепы есть Миренна’.			Same as 2. A rarer alternative is the verb “eduki” ‘have, hold’, also used in the TR pattern: “Kepa-k auto-a dauka” [Петя-erg машина-sg[abs] abs3prs[abs.sg]-erg/abs[erg3sg]/ abs3sg.prs.иметь.erg3sg] ‘У Пети есть машина’.
8	Basque	90	dismount	X (get down) from Y	слезать	X (слезать) с Y-a (с лошади)	jaitsi	ABS	ABL	Y	ABS_ABL		Kepa zaldi-tik jaits-i da	PN[ABS] лошадь-ABL слезать-PFV ABS3SG.PRS	‘Кепа слез с лошади’.			Alternatives are “beheratu”, “beheragotu”.
8	Basque	26	eat	X (eat) Y	есть	X (есть) Y	jan	ERG	ABS	TR	TR		Kepa-k sagarr-a ja-n d-u	PN-ERG яблоко-SG[ABS] есть-PFV ABS3PRS[ABS.SG]-ERG/ABS[ERG3SG]	‘Кепа съел яблоко’.			
8	Basque	50	put_on	X (put_on) Y	надевать	X (надевать) Y	jantzi	ERG	ABS	TR	TR		Kepa-k prak-ak jantz-i d-it-u	PN-ERG штаны-PL[ABS] надевать-PFV ABS3PRS-ABS.PL-ERG/ABS[ERG3SG]	‘Кепа надел штаны’.			Alternative is the verb “beztitu”, which can be used in either the same TR pattern or (in the dialects) in the “ABS_INS” pattern.
8	Basque	89	follow	X (follow) Y	следовать	X (следовать) за Y-ом	jarraitu	ERG	DAT	Y	ERG_DAT		Kepa-k Miren-i jarrai-tzen d-i-o	PN-ERG PN-DAT следовать-IPFV ABS3PRS-ERG/ABS/DAT[ABS.SG]-DAT3SG[ERG3SG]	‘Кепа следует за Миренй’.			Alternative is “segitu” used in the same pattern (or sometimes in the TR pattern). Further alternatives include “jarraiki” (common in French Basque country) or “jarraitu” used in the ABS_DAT pattern: “Kepa Miren-i jarraiki-tzen zai-o.” 
8	Basque	20	milk	X (milk) Y	доить	X (доить) Y-а	jetzi	ERG	ABS	TR	TR		Kepa-k behi-a jetz-i d-u	PN-ERG корова-SG[ABS] доить-PFV ABS3PRS[ABS.SG]-ERG/ABS[ERG3SG]	‘Кепа подоил корову’.			Alternatives are “eraitsi”, “bildu”, used with the same patterns.
8	Basque	34	play#instrument#	X (play) Y	играть	X (играть) на Y-е	jo	ERG	ABS	TR	TR		Kepa gitarra jo-tzen ari da	PN[ABS] гитара[ABS.SG] бить-IPFV PROG ABS3SG.PRS	‘Кепа играет на гитаре’.			Same as 106. Same verb as in 79, but different pattern. In this specific sentence, the auxiliary displays the absolutive conjugation due to the use of the progressive construction.
8	Basque	79	hit#target#	X (hit) Y	попасть	X (попадать) в Y (молния в дом)	jo	ERG	IN	Y	ERG_IN		tximista-k jo d-u etxe-a-n	молния-ERG бить[PFV] ABS3PRS[ABS.SG]-ERG/ABS[ERG3SG] дом-SG-IN	‘Молния попала в дом’.			Same verb as in 34, 106, but different pattern. Alternative is “erori” ‘fall’ used in the ABS_IN pattern: “Tximista eror-i da etxe-a-n.” [Молния[abs.sg] падать-pfv abs3sg.prs дом-sg-in]
8	Basque	106	hit	X (hit) Y	ударить	X (ударять) Y-а	jo	ERG	ABS	TR	TR		Kepa-k Miren jo d-u	PN-ERG PN[ABS] ударить[PFV] ABS3PRS[ABS.SG]-ERG/ABS[ERG3SG]	‘Кепа ударил Мирен’.			Same as 34. Same verb as in 79, but different pattern. 
8	Basque	69	sing	X (sing) Y	петь	X (петь) Y	kantatu	ERG	ABS	TR	TR		Kepa-k kantu ederr-a kanta-tu d-u	PN-ERG песня красивый-SG[ABS] петь-PFV ABS3PRS[ABS.SG]-ERG/ABS[ERG3SG]	‘Кепа спел красивую песню’.			
8	Basque	96	take_off	X (take off) Y	снимать	X (снимать) Y (рубашку)	kendu	ERG	ABS	TR	TR		Kepa-k alkandora ken-du d-u	PN-ERG рубашка[ABS.SG] снимать-PFV ABS3PRS[ABS.SG]-ERG/ABS[ERG3SG]	‘Кепа снял рубашку’.			
8	Basque	24	be_friends	X (be friends) with Y	дружить	X (дружить) с Y-ом	laguna izan	*	*	*		Not included in the database because Y is expressed as an NP-internal modifier. Non-verbal predicate.	Kepa Miren-en laguna da	PN[ABS] PN-GENP друг-SG[ABS] ABS3SG.PRS	‘Кепа дружит с Миренй’ (букв. ‘Кепа друг Мирен’).			Alternative is a construction where X and Y are coordinated, which involves the “lagunak izan” as the predicate: “Kepa eta Miren lagun-ak dira.” [Петя[abs] и Маша[abs] друг-pl[abs] abs3pl.prs] ‘Петя дружит с Машей’ = ‘Петя и Маша – друзья’.
8	Basque	77	help	X (help) Y	помочь	X (помогать) Y-у	lagundu	ERG	DAT	Y	ERG_DAT		Kepa-k Miren-i lagun-du d-i-о	PN-ERG PN-DAT помочь-PFV ABS3PRS-ERG/ABS/DAT[ABS.SG]-DAT3SG[ERG3SG]	‘Кепа помог Мирен’.			This is the main option in the Spanish Basque country. The same verb is mainly used with the TR pattern in the French Basque country, cf.: “Kepa-k Miren lagun-du d-u.” [Петя-erg Маша[abs] помочь-pfv abs3prs[abs.sg]-erg/abs[erg3sg]] ‘Петя помог Маше’. Interestingly, the transitive pattern has only emerged in the 17th century [EA 1995: 198], arguably due to bother French influence and analogy with other verbs.An additional meaning of the same verbs is ‘accompnay’, with some speakers differentiating between the two meaning by the choice between the TR pattern for accompany and the ERG_DAT pattern for help [Etchebarne 2002: 181].
8	Basque	45	flatter	X (flatter) Y	льстить	X (льстить) Y-у	lausengatu	ERG	ABS	TR	TR		Kepa-k Miren lausenga-tzen d-u	PN-ERG PN[ABS] льстить-IPFV ABS3PRS[ABS.SG]-ERG/ABS[ERG3SG]	‘Кепа льстит Мирен’.			Near synonyms are “losintxatu”, “balakatu”, and “zurikatu”, all used in the TR pattern. The option chosen is the most frequent one.
8	Basque	99	have_a_quarrel	X (have a quarrel) with Y	ссориться	X (ссориться) с кем Y	liskartu	ABS	COM	Y	ABS_COM		Kepa Miren-ekin liskar-tu da	PN[ABS] PN-COM ссориться-PFV ABS3SG.PRS	‘Кепа поссорился с Миренй’.			This pattern is not frequent. An alternative structure is the one where X and Y are simply coordinated. Alternatively, one can use a variety of periphrastic structures, inclduing liskar egin [argument make], used in the ERG_COM pattern; sesiotan / sesioan / ika-mika [argument go] used in the ABS_COM pattern, etc.
8	Basque	130	be_shy	X (be shy) about Y	стесняться	X (стесняться) Y-а	lotsatu	ABS	INS	Y	ABS_INS		Kepa bere tailu-a-z lotsa-tzen da	PN[ABS] его рост-SG-INS стесняться-IPFV ABS3SG.PRS	‘Кепа стесняется своего роста’.			
8	Basque	46	love1	X (love) Y	любить-1	X (любить) Y-а (сына)	maite izan	ERG	ABS	TR	TR		Kepa-k Miren maite d-u	PN-ERG PN[ABS] любимый[ABS.INDF] ABS3PRS[ABS.SG]-ERG/ABS[ERG3SG]	‘Кепа любит Мирен’.			CV. Alternative is the simplex verb “maitatu” also used in the TR pattern: “Kepa-k Miren maita-tzen d-u.” [Петя-erg Маша[abs] любить-ipfv abs3prs[abs.sg]-erg/abs[erg3sg]] ‘Петя любит Машу’. The pattern with the CV “maite izan” is approximately 2,5 times more frequent than the construction with the simplex verb “maitatu”.
8	Basque	113	fall_in_love	X (fall in love) with Y	влюбляться	X (влюбляться) в Y-a	maitemindu	ABS	INS	Y	ABS_INS		Kepa Miren-ez maitemin-du da	PN[ABS] PN-INS влюбляться-PRF ABS3SG.PRS	‘Кепа влюбился в Мирен’.			A less frequent alternative is “maitemindu”, used in the ABS_COM pattern: “Kepa Miren-ekin maitemin-du da.” [Петя[abs] Маша-com влюбляться-prf abs3sg.prs] ‘Петя влюбился в Машу’.
8	Basque	1	feel_pain	X (have) Yache	болеть-1	у X-а (болеть) Y	mina izan	*	*	*		Not included in the database because Y is expressed as an NP-internal modifier.	Kepa-k buru-ko min-a d-u	PN-ERG голова-GENLOC боль-SG[ABS] ABS3PRS[ABS.SG]-ERG/ABS[ERG3SG]	‘У Кепы болит голова’.			CV. There are three alternatives to this structure. First, almost identical construction with eduki ‘иметь, держать’ instead of “izan” and the same structure: “Kepa-k buru-ko min-a dauka” [Петя-erg голова-genloc боль-sg[abs] abs3sg.prs.иметь.erg3sg] ‘У Пети болит голова’. Second, the same predicate “mina izan” can be used in a different pattern: “Kepa-k buru-a-n min d-u.” [Петя-erg голова-sg-in боль[abs.indf] abs3prs[abs.sg]-erg/abs[erg3sg]] ‘У Пети болит голова’. Third, there is a construction that is parallel to the very first one, except for a slight difference in the internal shape of the predicate itself “min-ez egon”, “Kepa-k buru-ko min-ez da-go.” [Петя-erg голова-genloc боль-ins.indf abs3prs-находиться[abs.sg]] ‘У Пети болит голова’. All of the alternative construction are less frequent than the very first one.
8	Basque	109	move#bodypart#	X (move) Y	шевелить	X (шевелить) Y-ом	mugitu	ERG	ABS	TR	TR		Kepa-k behatz-a mugi-tu d-u	PN-ERG палец-SG[ABS] шевелить-PFV ABS3PRS[ABS.SG]-ERG/ABS[ERG3SG]	‘Кепа пошевелил пальцем’.			
8	Basque	104	sink	X (sink) in Y	тонуть	X (тонуть) в Y-е	murgildu	ABS	IN	Y	ABS_IN		egurr-a ur-etan murgil-du da	дерево-SG[ABS] вода-IN.INDF тонуть-PFV ABS3SG.PRS	‘Полено утонуло в воде’.			Near synonyms are “ito” and “sartu”, all used in the same ABS_IN valency pattern.
8	Basque	107	kiss	X (kiss) Y	целовать	X (целовать) Y-а	musu eman	ERG	DAT	Y	ERG_DAT		Kepa-k Miren-i musu ema-n d-i-o	PN-ERG PN-DAT поцелуй[ABS.INDF] давать-PFV ABS3PRS-ERG/ABS/DAT[ABS.SG]-DAT3SG[ERG3SG]	‘Кепа поцеловал Мирен’.			CV. Alternatives are “pot egin” [kiss make], also used in the ERG_DAT pattern.
8	Basque	94	mix	X (get mixed) with Y	смешаться	X (смешаться) с Y-ом	nahasi	ABS	COM	Y	ABS_COM		ezti-a esne-a-rekin nahas-i da	мед-SG[ABS] молоко-SG-COM смешаться-PFV ABS3SG.PRS	‘Мед смешался с молоком’.			A near synonym is “nahastu”. Both verbs can also be sometimes used in the ABS_INS pattern: “Ezti-a esne-a-z nahas-i da.” [мед-sg[abs] молоко-sg-ins смешаться-pfv abs3sg.prs] ‘Мед смешался с молоком’.
8	Basque	121	want	X (want) Y	хотеть	X (хотеть) Y-а	nahi izan	ERG	ABS	TR	TR		Kepa-k mugikor berri bat nahi d-u	PN-ERG мобильник новый один[ABS.INDEF] желание[ABS.INDEF] ABS3PRS[ABS.SG]-ERG/ABS[ERG3SG]	‘Кепа хочет новый мобильник’.			CV. Alternative is “gura izan” [desire have], also used in the TR pattern.
8	Basque	124	upset	X (upset) Y	огорчать	X (огорчать) Y-а	nahigabetu	ERG	ABS	TR	TR		Kepa-k Miren handiski nahigabe-tu d-u	PN-ERG PN[ABS] много огорчать-PRF ABS3PRS[ABS.SG]-ERG/ABS[ERG3SG]	‘Кепа очень огорчил Мирен’. 			Near synonyms are “tristatu”, “penatu”, both borrowed from Spanish and both used in the TR pattern.
8	Basque	5	have_enough	X (have enough) Y	быть достаточно	X-у (хватать) Y-а	nahikoa izan	*	*	*		Not included in the database because the intended meaning is expressed by a structurally discontinuous combination (predicate + adnominal modifier).	Kepa-k nahiko-a diru d-u	PN-ERG достаточный-SG[ABS] деньги ABS3PRS[ABS.SG]-ERG/ABS[ERG3SG]	‘Кепе хватает денег’. 			CV. "-a" in "nahiko-a" is optional. There are further modifications of the same construction, none meeting the acceptance criteria, includin the one with the verb “eduki” ‘have, hold’.
8	Basque	111	be_squeamish	X (be squeamish) about Y	брезговать	X (брезговать) Y-ом	nazka eman	DAT	ERG	X	DAT_ERG		ontzi zikin-e-k nazka ema-ten d-i-o-te Kera-ri	сосуд грязный-PL-ERG отвращение[ABS.INDEF] давать-IMP ABS3PRS- ERG/ABS/DAT[ABS.SG]-DAT3SG-ERG3PL PN-DAT	‘Кепа брезгует грязной посудой’ (букв. ‘Грязная посуда вызывает у Кепы отвращение’).			CV
8	Basque	92	obey	X (obey) Y	слушаться	X (слушаться) Y-a	obeditu	ERG	DAT	Y	ERG_DAT		Kepa-k ama-ri obedi-tzen d-i-o	PN-ERG мама[SG]-DAT слушаться-IPFV ABS3PRS-ERG/ABS/DAT[ABS.SG]-DAT3SG[ERG3SG]	Кепа слушается маму.			Spanish loanword. The more archaic pattern with this verb is TR. 
8	Basque	16	bend	X (bend) Y	гнуть	X (гнуть) Y	okertu	ERG	ABS	TR	TR		Kepa-k adarr-a oker-tu d-u	PN-ERG ветка гнуть-PFV ABS3PRS[ABS.SG]-ERG/ABS[ERG3SG]	‘Кепа согнул ветку’.			
8	Basque	73	match	X (match) Y	подходить	X (подходить) к Y-у (пояс к платью)	ongi joan	ABS	DAT	Y	ABS_DAT		gerriko hau nere arrop-a-ri ongi joa-ten zai-o	пояс этот[ABS.SG] мой платье-SG-DAT хорошо идти-IPFV [ABS3PRS]ABS/DAT[ABS.SG]-DAT3SG	‘Этот пояс подходит к моему платью’.			CV
8	Basque	127	get_upset	X (get upset) with Y	огорчаться	X (огорчаться) из-за Y-а	penatu	ABS	MOT	Y	ABS_MOT		Kepa seme-a-rengatik pena-tu da	PN[ABS] сын-SG-MOT огорчаться-PFV ABS3SG.PRS	‘Кепа огорчился из-за своего сына’.			Near synonym is “tristatu” (a Spanish loanword), also used in the ABS_MOT pattern. The corresponding TR pattern involving a conversive verb is far more common.
8	Basque	25	think	X (think) about Y	думать	X (думать) об Y-е (об отце)	pentsatu	ERG	INS	Y	ERG_INS		Kepa-k Miren-ez pentsa-tzen d-u	PN-ERG PN-INS думать-IPFV ABS3PRS[ABS.SG]-ERG/ABS[ERG3SG]	‘Кепа думает о Мирен’.			Alternatives are 1) the same verb “pentsatu” with the ABS_IN pattern: “Kepa-k Mirenen-gan pentsa-tzen d-u.” [Петя-erg Маша-in думать-ipfv abs3prs[abs.sg]-erg/abs[erg3sg]]. 2) CVs “gogo-a-n izan” [memory-sg-in have], “gogo-a-n erabili” [memory-sg-in carry], “buru-a-n erabili” [head-sg-in carry], all used with the regular TR pattern: “Kepa-k Miren d-u gogo-a-n” [Петя-erg Маша[abs] abs3prs[abs.sg]-erg/abs[erg3sg] память-sg-in] ‘Петя думает о Маше’. 3) CV “gogoeta egin” [thought[abs.indf] make] used with the erg-ins pattern. 4) CV “gogoeta egin” [thought[abs.indf] make] used in the erg-dat p+ buruz (послелог ‘о’) [EH, тексты]. The verb “pentsatu” is a Spanish loanword, and its ability to be used with the ABS_IN pattern can be related to its origin (cf. the preposition “en” in Spanish). However, the ERG_INS and ERG_DAT are more common patterns in Basque than ERG_IN.
8	Basque	40	paint	X (paint) Y	красить	X (красить) Y	pintatu	ERG	ABS	TR	TR		Kepa-k latesi-a pinta-tu d-u	PN-ERG забор-SG[ABS] красить-PFV ABS3PRS[ABS.SG]-ERG/ABS[ERG3SG]	‘Кепа покрасил забор’.			Alternative is the verb “margotu”, also used in the TR pattern.
8	Basque	112	be_content	X (be content) with	быть довольным	X (быть довольным) Y-ом	pozik egon	ABS	COM	Y	ABS_COM		Kepa seme-a-rekin poz-ik da-go	PN[ABS] сын-SG-COM радостный-PART ABS3PRS-находиться[ABS.SG]	‘Кепа доволен своим сыном’.			CV. The valency pattern could have been influenced by Spanish (“estar contento” used in combination with the preposition “con”). Alternative is the non-verbal predicate “kontent izan” [content be], used in the ABS_INS pattern: “Kepa seme-a-z kontent da.” [Петя[abs] сын-sg-ins довольный[abs.indf] abs3sg.prs] ‘Петя доволен своим сыном’. A still further alternative is “poz eman” [joy give] used in the DAT_ERG pattern.
8	Basque	83	be_glad	X (be glad) about Y	радоваться	X (радоваться) Y-у	poztu	ABS	ERG	X	ABS_ERG		eskutitz-a-k poz-tu d-u Kepa	письмо-SG-ERG радовать-PFV ABS3PRS[ABS.SG]-ERG/ABS[ERG3SG] PN[ABS]	‘Кепа обрадовался письму’ (букв. ‘Письмо обрадовало Кепу’).			This entry contains a reversed transtive pattern, which is the only regular way to convey the necessary meaning with two overt NPs. “alaitu” is a near synonym used in the same way. A further alternative is “poz hartu” [joy take], but it is normally used as a monovalent predicate (the use of the Y argument in the motivative is commented upon as grammatical but unnatural “eskutzitz-a-gatik письмо-sg-mot”. A still another non-verbal option is to “poz-ik egon” [joy-part be].
8	Basque	12	enter	X (enter) Y	входить 	X (входить) в Y (дом)	sartu	ABS	IN	Y	ABS_IN		Kepa etxe-a-n sar-tu da	PN[ABS] дом-SG-IN входить-PFV ABS3SG.PRS	‘Кепа вошёл в дом’.			
8	Basque	7	believe	X (believe) Y	верить	X (верить)Y-у	sinetsi	ERG	DAT	Y	ERG_DAT		Kepa-k Miren-i sines-ten d-i-o	PN-ERG PN-DAT верить-IPFV ABS3PRS-ERG/ABS/DAT[ABS.SG]-DAT3SG[ERG3SG]	‘Кепа верит Мирен’.			This pattern is observed in the Spanish territory. The option available in the French territory involves the TR pattern: “Kepa-k Miren sines-ten d-u.” [Петя-erg Маша[abs] верить-ipfv abs3prs[abs.sg]-erg/abs[erg3sg]] ‘Петя верит Маше’. The ERG_DAT can be partly motivated by etymology: Trask (1997: 88–89) analyzes it ultimately a complex verb: zin ‘truth’ + -etsi ‘consider’. Under this view, the otherwise obligatory ABS slot is occupied by “zin”.
8	Basque	101	shoot_at	X (shoot) at Y	стрелять	X (стрелять) в Y-а	tiratu	ERG	DAT	Y	ERG_DAT		Kepa-k txori-a-ri tira-tu d-i-o	PN-ERG птица-SG-DAT стрелять-PFV ABS3PRS-ERG/ABS/DAT[ABS.SG]-DAT3SG[ERG3SG]	‘Кепа выстрелил в птицу’.			Alternative is the CV “tiro egin” [shot make], used in the same valency pattern.
8	Basque	11	encounter	X (encounter) Y	встречаться	X (встречаться) с Y-ом	topatu	ERG	ABS	TR	TR		Kepa-k Miren topa-tu d-u	PN-ERG PN[ABS] встречаться-PFV ABS3PRS[ABS.SG]-ERG/ABS[ERG3SG]	‘Кепа встретился Миренй’.			Probably, a loanword from Spanish “toparse” ‘bump into’. One alternative is the verb “trilatu” used in the same TR pattern. Further alternatives are constructions with CV “topo egin”, “enkontru egin”, “tril egin”, all used in the “ERG_COM” pattern: “Кеpa-k Miren-ekin topo egi-n d-u.” [Петя-erg Маша-com встреча делать-pfv abs3prs[abs.sg]-erg/abs[erg3sg]].
8	Basque	37	make_fun	X (make fun) of Y	издеваться	X (издеваться) над Y-ом	trufatu	ABS	INS	Y	ABS_INS		Kepa Miren-ez trufa-tzen da	PN[ABS] PN-INS издеваться-IPFV ABS3SG.PRS	‘Кепа издевается над Миренй’.			Alternative possibilities are: 1) CV “iseka egin” [mockery make] used in the ERG_DAT pattern: “Kepa-k Miren-i iseka egi-ten d-i-o.” [Петя-erg Маша-dat насмешка[abs.indf] делать-ipfv abs3prs-erg/abs/dat[abs.sg]-dat3sg[erg3sg]] and 2) CV “burla egin” [mockery make], also used in the ERG_DAT pattern: “Kepak Miren-ez burla egi-ten d-u” [Петя-erg Маша-ins насмешка[abs.indf] делать-ipfv abs3prs[abs.sg]-erg/abs[erg3sg]]. A further alternative is the simplex verb “isekatu”, which is used in some dialects. It is attested with several patterns: “erg_dat”, “abs_dat”, and TR.
8	Basque	22	touch	X (touch) Y	дотронуться	X (дотрагиваться) до Y-а	ukitu	ERG	ABS	TR	TR		Kepa-k horma uki-tu d-u	PN-ERG стена[ABS.SG] дотронуться-PFV ABS3PRS[ABS.SG]-ERG/ABS[ERG3SG]	‘Кепа дотронулся до стены’.			
8	Basque	78	understand	X (understand) Y	понимать	X (понимать) Y	ulertu	ERG	ABS	TR	TR		Kepa-k frantses-a uler-tzen d-u	PN-ERG французский.язык-SG[ABS] понимать-IPFV ABS3PRS[ABS.SG]-ERG/ABS[ERG3SG]	‘Кепа понимает французский язык’.			Additional synonyms are “aditu”, “konprenitu”. With animate Y arguments, the erg_dat pattern is also possible.
8	Basque	115	sympathise	X (sympathise) with Y	жалеть	X (жалеть) Y-а	urrikaldu	ABS	INS	Y	ABS_INS		Kepa ama-z urrikal-tzen da	PN[ABS] мать[SG]-INS жалеть-IMP ABS3SG.PRS	‘Кепа жалеет свою мать’.			A near synonym is “errukitu”, which is more commonly used in the French Basque country and also typically used in the ABS_INS pattern. Apart from this, both verbs can be used in the ABS_DAT pattern: “Kepa ama-ri urrikal-tzen zai-o.” [Петя[abs] мама[sg]-dat жалеть-imp [abs3prs]abs/dat[abs.sg]-dat3sg]. One more alternative is the CV “pena eman” [grief give], also used in the ERG_DAT pattern: “Ama-k Kepa-ri pena ema-ten d-i-o.” [мать[sg]-erg Петя-dat горе[abs.indef] давать-imp abs3prs-erg/abs/dat[abs.sg]-dat3sg[erg3sg]]. The older pattern of “urrikaldu” was DAT_ABS.
8	Basque	72	melt	X (melt) Y	плавить	X (плавить) Y	urtu	ERG	ABS	TR	TR		Kepa-k berun puska bat ur-tu d-u	PN-ERG свинец кусок один-[ABS.INDF] плавить-PFV ABS3PRS[ABS.SG]-ERG/ABS[ERG3SG]	‘Кепа расплавил кусок свинца’.			Further options include verbs like “galdatu”, “funditu”, “urtarazi”, all used in the TR pattern.
8	Basque	67	smell	X (smell) like / of Y	пахнуть	X (пахнуть) Y-ом	usaina izan 	*	*	*		Not included in the database because Y is expressed as an NP-internal modifier.	nire esku-e-k gasolina usain-a d-u-te	мой рука-PL-ERG бензин[ABS.INDF] запах-SG[ABS] ABS3PRS[ABS.SG]-ERG/ABS-ERG3PL	‘Мои руки пахнут бензином’.			CV. Further alternatives all include the same idea of expressing Y as an adnominal modifier of the noun ‘smell’, coupled with verbs like ‘have’, ‘hold’, ‘give’.
8	Basque	74	leave	X (leave) Y	покидать	X (покидать) Y(-а)	utzi	ERG	ABS	TR	TR		Kepa-k jaioterri-a utz-i d-u	PN-ERG родной.(небольшой).город-SG[ABS] оставлять-PFV ABS3PRS[ABS.SG]-ERG/ABS[ERG3SG]	‘Кепа покинул родной город’.			A less frequent alternative involves the verb “irten” [go.out] used in the ABS_ABL pattern: “Kepa jaioterri-tik joan da. (Isabelle: sorterritik joan)” [Петя[abs] родной.(небольшой).город-abl идти[pfv] abs3sg.prs] ‘Петя покинул родной (небольшой) город’. A further alternative involves the CV “alde egin” [side[abs.indf]) make] used in the erg_abl pattern.
8	Basque	68	cross	X (cross) Y	пересечь	X (пересекать) Y (улицу) 	zeharkatu	ERG	ABS	TR	TR		Kepa-k bide-a zeharka-tu d-u	PN-ERG дорога-SG[ABS] пересечь-PFV ABS3PRS[ABS.SG]-ERG/ABS[ERG3SG]	‘Кепа пересёк дорогу’.			Alternative is “gurutzatu” used in the same TR pattern.
8	Basque	52	punish	X (punish) Y	наказывать	X (наказывать) Y-а	zigortu	ERG	ABS	TR	TR		Kepa-k seme-a zigor-tu d-u	PN-ERG сын-SG[ABS] наказывать-PFV ABS3PRS[ABS.SG]-ERG/ABS[ERG3SG]	‘Кепа наказал сына’.			Alternatives are “zehatu” and “punitu” (a loanword from Romance languages), both used in the TR pattern.