language_no	language	predicate_no	predicate_label_en	argument_frame_en	predicate_label_ru	argument_frame_ru	verb	X	Y	locus	valency_pattern	comms	sentence	glosses_en	back_translation_en	glosses_ru	back_translation_ru	comms_internal
102	Mingrelian	1	feel_pain	X (have) Yache	болеть-1	у X-а (болеть) Y	Ø-a-č'-un-Ø (PRS)	DAT	DAT	XY	DAT_DAT	One assumes that an entire head may not ache, hence: "in/on the head".	čelo-s dud-i-s Ø-a-č'-u(n)-Ø.	PN-DAT head-B-DAT IO3-VER:R-ache-SM-S3SG.INACT	‘Chelo has a headache.’			
102	Mingrelian	2	have#illness#	X (have) Y	болеть-2	X (болеть) Y-ом	Ø-u-γ-un-Ø (PRS)	DAT	NOM	X	DAT_NOM		čelo-s grip'-i Ø-u-γ-u(n)-Ø.	PN-DAT flu-NOM IO3-VER:O-have-SM-S3SG.INACT	‘Chelo has the flu.’			
102	Mingrelian	3	be_afraid	X (be afraid) of Y	бояться	X (бояться) Y-а	Ø-o-šk'ur-un-Ø (PRS)	DAT	ALL	XY	DAT_ALL		čelo-s ǯoγor-(i)ša Ø-o-šk'ur-u(n)-Ø.	PN-DAT dog-ALL IO3-VER:SUP-fear-SM-S3SG.INACT	‘Chelo is afraid of the dog.’			
102	Mingrelian	4	throw	X (throw) Y	бросить	X (бросить) Y(-а)	Ø-o-ʔot-an-s (FUT)	ERG	NOM	TR	TR		čelo-k p'irvel-k Ø-o-ʔot-(u) kua-Ø.	PN-ERG first-ERG DO3-FACT-throw-(S3SG.PST) stone-NOM	‘Chelo threw a stone first.’			Same verb as 101.
102	Mingrelian	5	have_enough	X (have enough) Y	быть достаточно	X-у (хватать) Y-а	Ø-baγ-un-Ø (PRS)	DAT	NOM	X	DAT_NOM		čelo-s para-Ø Ø-baγ-u(n)-Ø.	PN-DAT money-NOM IO3-be_enough-SM-S3SG.INACT	‘Chelo has enough money.’			
102	Mingrelian	6	resemble	X (resemble) Y	быть похожим	X (быть похожим) на Y(-а)	Ø-g-un-Ø (PRS)	NOM	DAT	Y	NOM_DAT		čelo-Ø bondo-s ko-Ø-g-u(n)-Ø.	PN-NOM PN-DAT IO3-resemble-SM-S3SG.INACT	‘Chelo resembles Bondo.’			
102	Mingrelian	7	believe	X (believe) Y	верить	X (верить)Y-у	s-ǯer-s (PRS)	DAT	GEN	XY	DAT_GEN		čelo-s anučia-ši s-ǯer-s.	PN-DAT PN-GEN IO3-believe-S3SG	‘Chelo believes Anuchia.’			
102	Mingrelian	8	take	X (take) Y	взять	X (брать) Y(-а)	ge-Ø-č'op-un-s (FUT)	ERG	NOM	TR	TR		čelo-k c'ing-i ge-Ø-č'op-(u).	PN-ERG book-NOM PRV-DO3-take-(S3SG.PST)	‘Chelo took a book from the shelf.’			
102	Mingrelian	9	see	X (see) Y	видеть	X (видеть) Y(-а)	Ø-o-rc'q'-en-Ø (PRS)	NOM	DAT	Y	NOM_DAT		čelo-Ø ʔude-s Ø-o-rc'q'-e(n)-Ø.	PN-NOM house-DAT IO3-VER:SUP-see-SM-S3SG.INACT	‘Chelo sees a house.’			
102	Mingrelian	10	influence	X (influence) Y	влиять	X (влиять) на Y(-а)	muš-i-s Ø-o-rt-u(n)-Ø (PRS)	ERG	DAT	Y	ERG_DAT		xan-i muš-i-s Ø-o-rt-u(n)-Ø gošina-s.	age-NOM REFL.POSS-B-DAT DO3-VER:N-do-SM-S3SG.INACT memory-DAT	‘Age affects memory’ (lit. ‘Age does its thing to memory.’)			
102	Mingrelian	11	encounter	X (encounter) Y	встречаться	X (встречаться) с Y-ом	še-Ø-xvad-un-Ø (FUT)	ERG	DAT	Y	ERG_DAT		čelo-k anučia-s ke-še-Ø-xvad-(u).	PN-ERG PN-DAT AFF-PRV-IO3-meet-(S3SG.PST)	‘Chelo met Anuchia.’			
102	Mingrelian	12	enter	X (enter) Y	входить 	X (входить) в Y (дом)	min-Ø-i-l-en-s (FUT)	ERG	ALL	Y	ERG_ALL		čelo-k ʔude-ša min-Ø-i-l-(u).	PN-ERG house-ALL PRV-S3-VER:S-go-(S3SG.PST)	‘Chelo entered the house.’			
102	Mingrelian	13	win	X (beat) Y	выиграть	X (выигрывать) у Y-а	m-Ø-u-g-en-s (FUT)	ERG	DAT	Y	ERG_DAT	This verb is a recent borrowing from Georgian.	čelo-k anučia-s mu-Ø-u-g-(u) šaxmat'-i-s.	PN-ERG PN-DAT PRV-IO3-VER:O-win-(S3SG.PST) chess-B-DAT	‘Chelo beat Anuchia at chess.’			
102	Mingrelian	14	go_out	X (go out) of Y	выходить	X (выходить) из Y-а	gim-Ø-i-l-en-s (FUT)	ERG	ABL	Y	ERG_ABL		čelo-k ʔude-še(n) gim-Ø-i-l-(u).	PN-ERG house-ABL PRV-S3-VER:S-go-(S3SG.PST)	‘Chelo went out of the house.’			
102	Mingrelian	15	drive	X (drive) Y	гнать	X (гнать) Y-а	mida-Ø-raʔ-an-s (FUT)	ERG	NOM	TR	TR		čelo-Ø čxou-s mindor-(i)ša mid-ma-Ø-raʔ-an-s.	PN-NOM cow-DAT field-ALL PRV-PROGR-DO3-drive-SM-S3SG	‘Chelo is driving the cow to the meadow.’			
102	Mingrelian	16	bend	X (bend) Y	гнуть	X (гнуть) Y	mo-Ø-γirik'-an-s (FUT)	ERG	NOM	TR	TR		čelo-k t'ot'-(i) mo-Ø-γirik'-(u).	PN-ERG branch-(NOM) PRV-DO3-bend-(S3SG.PST)	‘Chelo bent the branch.’			
102	Mingrelian	17	tell	X (tell) Y	говорить	X (говорить) Y-у	Ø-u-c'-in-s (FUT)	ERG	DAT	Y	ERG_DAT		čelo-k anučia-s Ø-u-c'-u.	PN-ERG PN-DAT IO3-VER:O-tell-S3SG.PST	‘Chelo told Anuchia.’			
102	Mingrelian	18	hold	X (hold)Y	держать	X (держать) Y(-а)	Ø-u-k'eb-un-Ø (PRS)	DAT	NOM	X	DAT_NOM		čelo-s c'ing-i xe-s Ø-u-k'eb-u(n)-Ø.	PN-DAT book-NOM hand-DAT IO3-VER:O-hold-SM-S3SG.INACT	‘Chelo is holding a book in his hand.’			
102	Mingrelian	19	catch_up	X (catch up) with Y	догнать	X (догонять) Y(-а)	gi-Ø-o-č'iš-an-s (FUT)	ERG	DAT	Y	ERG_DAT		čelo-k anučia-s ki-gi-Ø-o-č'iš-u.	PN-ERG PN-DAT AFF-PRV-IO3-VER:SUP-catch_up-S3SG.PST	‘Chelo caught up with Anuchia.’			
102	Mingrelian	20	milk	X (milk) Y	доить	X (доить) Y-а	Ø-č'val-un-s (PRS)	ERG	NOM	TR	TR		čelo-k čxou-Ø ge-Ø-č'val-(u).	PN-ERG cow-NOM PRV-DO3-milk-S3SG.PST	‘Chelo milked the cow.’			
102	Mingrelian	21	reach	X (reach) Y	достичь	X (достичь) Y-а (берега) 	mi-Ø-o-č'irin-u-an-s (FUT)	ERG	DAT	Y	ERG_DAT		čelo-k nap'ir-s ki-mi-Ø-o-č'irin-u.	PN-ERG bank-DAT AFF-PRV-IO3-reach-S3SG.PST	‘Chelo reached the bank.’			
102	Mingrelian	22	touch	X (touch) Y	дотронуться	X (дотрагиваться) до Y-а	še-Ø-x-eb-un-Ø (FUT)	ERG	DAT	Y	ERG_DAT	This verb is a recent borrowing from Georgian.	čelo-k k'idala-s še-Ø-e-x-u.	PN-ERG wall-DAT PRV-IO3-VER:R-touch-S3SG.PST	‘Chelo touched the wall.’			
102	Mingrelian	23	fight	X (fight) with Y	драться	X (драться) с Y-ом	Ø-o-čxup'-un-Ø (PRS)	ERG	DAT	Y	ERG_DAT		čelo-Ø anučia-s Ø-o-čxup'-u(n)-Ø.	PN-NOM PN-DAT IO3-VER:SUP-fight-SM-S3SG.INACT	‘Chelo is fighting with Anuchia.’			
102	Mingrelian	24	be_friends	X (be friends) with Y	дружить	X (дружить) с Y-ом	Ø-ǯima-k'oč-en-s (PRS)	ERG	SOC	Y	ERG_SOC		čelo-Ø anučia-c'k'ǝma Ø-ǯima-k'oč-en-s.	PN-NOM PN-SOC S3-brother-man-SM-S3SG	‘Chelo is friends with Anuchia.’			
102	Mingrelian	25	think	X (think) about Y	думать	X (думать) об Y-е (об отце)	Ø-p'irk-en-s (PRS)	ERG	ABL	Y	ERG_ABL		čelo-Ø anučia-še(n) Ø-pirk-en-s.	PN-NOM PN-ABL S3-think-SM-S3SG	‘Chelo thinks about Anuchia.’			
102	Mingrelian	26	eat	X (eat) Y	есть	X (есть) Y	Ø-č'k'om-un-s (PRS)	ERG	NOM	TR	TR		čelo-k ušk'ur-(i) o-Ø-č'k'om-u.	PN-ERG apple-NOM PFV-DO3-eat-S3SG.PST	‘Chelo ate an apple.’			
102	Mingrelian	27	fry	X (fry) Y	жарить	X (жарить) Y	do-Ø-č'-un-s (FUT)	ERG	NOM	TR	TR		čelo-k čxom-(i) do-Ø-č'-u.	PN-ERG fish-NOM PRV-DO3-fry-S3SG.PST	‘Chelo fried the fish.’			
102	Mingrelian	28	wait	X (wait) for Y	ждать	X (ждать) Y-а (сына)	Ø-e-l-un-Ø (PRS)	ERG	DAT	Y	ERG_DAT	This verb phrase is a recent borrowing from Georgian.	čelo-Ø anučia-s Ø-u-c'ad-e(n)-s.	PN-NOM PN-DAT IO3-VER:O-wait-SM-S3SG	‘Chelo is waiting for Anuchia.’			
102	Mingrelian	29	forget	X (forget) (about) Y	забывать	X (забывать) об Y-е	Ø-o-č'q'or-d-un-Ø  (PRS)	DAT	ERG	X	DAT_ERG		čelo-s šxva šara-k ga-Ø-a-č'q'or-d-(u).	PN-DAT other road-ERG PRV-IO3-VER:SUP-forget-INTR-S3SG.PST	‘Chelo forgot the other road.’			
102	Mingrelian	30	depend	X (depend) on Y	зависеть	X (зависеть) от Y-а	Ø-o-r-en-Ø (PRS)	NOM	ALL	Y	NOM_ALL		gošina-Ø sirčinue-ša Ø-(o)-r-e(n)-Ø.	memory-NOM age-ALL S3-(VER:SUP)-be-SM-S3SG.INACT	‘Memory depends on age.’			
102	Mingrelian	31	call	X (call) Y	звать	X (звать) Y-а	d-Ø-u-ʒax-en-s (FUT)	ERG	DAT	Y	ERG_DAT	This verb is a recent borrowing from Georgian.	čelo-k anučia-s d-Ø-u-ʒax-(u).	PN-ERG PN-DAT PRV-IO3-VER:O-call-S3SG.PST	‘Chelo called Anuchia.’			
102	Mingrelian	32	get_to_know	X (get to know) Y	знакомиться	X (знакомиться) с Y-ом	g-Ø-i-čin-eb-apu-an-s (FUT)	ERG	NOM	TR	TR		art c'ana-š uk'ul čelo-k anučia-Ø g-Ø-i-čin-eb-ap-u.	one year-GEN behind PN-ERG PN-NOM PRV-DO3-VER:S-recognize-R.EXT-AUG-S3SG.PST	‘Chelo got to know Anuchia.’			
102	Mingrelian	33	know	X (know) Y	знать 	X (знать) Y-а	Ø-i-čin-en-s (PRS)	NOM	DAT	Y	NOM_DAT		čelo-Ø anučia-s Ø-i-čin-en-s.	PN-NOM PN-DAT S3-VER:S-recognize-SM-S3SG	‘Chelo (personally) knows Anuchia.’			
102	Mingrelian	34	play#instrument#	X (play) Y	играть	X (играть) на Y-е	mi-Ø-o-g-an-s (PRS)	ERG	DAT	Y	ERG_DAT		čelo-Ø git'ara-s mi-Ø-o-g-an-s.	PN-NOM guitar-DAT PRV-IO3-VER:LOC-play-SM-S3SG	‘Chelo is playing the guitar.’			
102	Mingrelian	35	avoid	X (avoid) Y	избегать	X (избегать) Y-а	dud-s Ø-u-čilit-u-an-s (PRS)	ERG	DAT	Y	ERG_DAT	This verb phrase is a recent borrowing from Georgian.	čelo-Ø anučia-s du(d)-s Ø-u-čilit-u-an-s.	PN-NOM PN-DAT REFL-DAT IO3-VER:O-avoid-R.EXT-SM-S3SG	‘Chelo avoids Anuchia.’			
102	Mingrelian	36	make	X (make) Y	изготовить	X (изготовить) Y	ei-Ø-o-nc'q'-un-s (PRS)	ERG	NOM	TR	TR		čelo-k xund-i ei-Ø-o-nc'q'-u.	PN-ERG mousetrap-NOM PRV-DO3-FACT-assemble-S3SG.PST	‘Chelo made a mousetrap.’			
102	Mingrelian	37	make_fun	X (make fun) of Y	издеваться	X (издеваться) над Y-ом	Ø-o-cigan-un-Ø (PRS)	ERG	DAT	Y	ERG_DAT		čelo-Ø anučia-s Ø-o-cigan-(un)-Ø.	PN-NOM PN-DAT IO3-VER:SUP-kid-SM-S3SG.INACT	‘Chelo is making fun of Anuchia.’			
102	Mingrelian	38	have	X (have) Y	иметь	X (иметь) Y	[u]-Ø-ʔun-s (PRS)	DAT	NOM	X	DAT_NOM	This verb governs animate possessa.	čelo-s mašna-Ø Ø-ʔun-s.	PN-DAT car-NOM IO3-have-S3SG	‘Chelo has a car.’			
102	Mingrelian	39	look_for	X (look for) Y	искать	X (искать) Y(-а)	Ø-gor-un-s (PRS)	ERG	NOM	TR	TR		čelo-Ø muš k'ila-s Ø-gor-un-s=u.	PN-NOM REFL.POSS key-DAT DO3-look_for-SM-S3SG=EV	‘Chelo is looking for his keys.’			
102	Mingrelian	40	paint	X (paint) Y	красить	X (красить) Y	do-Ø-γap-un-s (FUT)	ERG	NOM	TR	TR		čelo-k γober-(i) do-Ø-γap-u.	PN-ERG fence-(NOM) PRV-DO3-paint-S3SG.PST	‘Chelo painted the fence.’			
102	Mingrelian	41	bite	X (bite) Y	кусать	X (кусать) Y-а	Ø-a-č-am-un-Ø (FUT)	ERG	DAT	Y	ERG_DAT		čelo-s ǯoγor-k k-Ø-a-č-(u).	PN-DAT dog-ERG AFF-IO3-VER:R-bite-S3SG.PST	‘A dog bit Chelo.’			
102	Mingrelian	42	forfeit	X (lose) Y	лишаться	X (лишаться) Y-а	Ø-u-din-un-Ø (PRS)	DAT	ERG	X	DAT_ERG		čelo-s ʔude-k me-Ø-u-din-(u).	PN-DAT house-ERG PRV-IO3-VER:O-disappear-(S3SG.PST)	‘Chelo lost (his) house.’			
102	Mingrelian	43	try_to_catch	X (try to catch) Y	ловить	X (ловить) Y(-а)	Ø-č'op-un-s (PRS)	ERG	NOM	TR	TR		čelo-Ø k'at'u-s Ø-č'op-un-s.	PN-NOM cat-DAT DO3-catch-SM-S3SG	‘Chelo is trying to catch the cat.’			
102	Mingrelian	44	break	X (break) Y	ломать	X (ломать) Y	gino-Ø-t'ax-un-s (FUT)	ERG	NOM	TR	TR		čelo-k č'in-i ge-gno-Ø-t'ax-(u).	PN-ERG stick-NOM PFV-PRV-DO3-break-(S3SG.PST)	‘Chelo broke a stick.’			
102	Mingrelian	45	flatter	X (flatter) Y	льстить	X (льстить) Y-у	Ø-o-p'irper-un-Ø (PRS)	ERG	DAT	Y	ERG_DAT	This verb phrase is a recent borrowing from Georgian.	čelo-Ø anučia-s Ø-o-p'irper-u(n)-Ø.	PN-NOM PN-DAT IO3-VER:SUP-flatter-SM-S3SG.INACT	‘Chelo is flattering Anuchia.’			
102	Mingrelian	46	love1	X (love) Y	любить-1	X (любить) Y-а (сына)	Ø-u-ʔor-s (PRS)	DAT	NOM	X	DAT_NOM		čelo-s anučia-Ø Ø-u-ʔor-s.	PN-DAT PN-NOM IO3-VER:O-love-S3SG	‘Chelo loves Anuchia.’			Same as 119.
102	Mingrelian	47	wave	X (wave) Y	махать	X (махать) Y-ом	Ø-i-rk-en-s (PRS)	ERG	NOM	TR	TR		čelo-Ø p'lat'ok'-i-s Ø-i-rk-en-s.	PN-NOM handkerchief-B-DAT DO3-VER:S-wave-SM-S3SG	‘Chelo is waiving a handkerchief.’			
102	Mingrelian	48	dream	X (dream) of Y	мечтать	X (мечтать) об Y-е	Ø-ocneb-en-s (PRS)	ERG	ABL	Y	ERG_ABL	This verb is a recent borrowing from Georgian.	čelo-Ø axal mašna-še(n) Ø-ocneb-en-s.	PN-NOM new car-ABL S3-dream-SM-S3SG	‘Chelo is dreaming of a new car.’			
102	Mingrelian	49	wash	X (wash) Y	мыть	X (мыть) Y	go-Ø-rčx-un-s (FUT)	ERG	NOM	TR	TR		čelo-k č'irka-Ø go-Ø-rčx-u.	PN-ERG glass-NOM PRV-DO3-wash-S3SG.PST	‘Chelo washed the cup.’			
102	Mingrelian	50	put_on	X (put_on) Y	надевать	X (надевать) Y	m-Ø-i-dv-an-s (FUT)	ERG	NOM	TR	TR		čelo-k šarval-(i) ki-mi-Ø-i-d-u.	PN-ERG trousers-(NOM) AFF-PRV-DO3-VER:S-put-S3SG.PST	‘Chelo put on his trousers.’			
102	Mingrelian	51	be_called	X (be_called) Y	называться	X (называться) Y	Ø-ǯox-on-Ø (PRS)	DAT	NOM	X	DAT_NOM		te mudgaren-s k'omp'as-(i) Ø-ǯox-o(n)-Ø.	DEM.PROX something-DAT compass-(NOM) IO3-be.called-SM-S3SG.INACT	‘This thing (lit. something) is called a compass.’			
102	Mingrelian	52	punish	X (punish) Y	наказывать	X (наказывать) Y-а	k'in-Ø-a-nčkol-an-s (FUT)	ERG	NOM	TR	TR		čelo-k sk'ua-Ø ku-k'n-Ø-a-nčkol-(u).	PN-ERG child-DAT AFF-PRV-DO3-FACT-place-(S3SG.PST)	‘Chelo put (his) son in the corner.’			
102	Mingrelian	53	attack	X (attack) Y	напасть	X (нападать) на Y-а	dud-s gi-Ø-a-ntx-ap-un-Ø (FUT)	ERG	DAT	Y	ERG_DAT		tunt-i-k mečxome-s du(d)-s gi-Ø-a-ntx-u.	bear-B-ERG fisherman-DAT REFL-DAT PRV-IO3-VER:R-attack-S3SG.PST	‘A bear attacked a fisherman.’			
102	Mingrelian	54	fill#intr#	X (fill) with Y	наполняться	X (наполняться) Y-ом	ge-Ø-i-pš-ap-un-Ø (FUT)	ERG	INS	Y	ERG_INS		vedra-k c'q'ar-it ge-Ø-i-pš-(u).	bucket-ERG water-INS PRV-S3-VER:S-fill-S3SG.PST	‘The bucket filled with water.’			
102	Mingrelian	55	find	X (find) Y	находить	X (находить) Y(-а)	Ø-ʒir-un-s (PRS)	ERG	NOM	TR	TR		čelo-k muš-(i) k'ila-Ø ko-Ø-ʒir-(u).	PN-ERG REFL.POSS-(NOM) key-NOM AFF-DO3-find-S3SG.PST	‘Chelo found his keys.’			Also: ‘Chelo saw his keys.’
102	Mingrelian	56	be_short	X (be short) Y	недоставать	X-у (недоставать) Y-a	Ø-o-rk'-un-Ø (PRS)	DAT	NOM	X	DAT_NOM		čelo-s art lar-i Ø-o-rk'-u(n)-Ø.	PN-DAT one Lari-NOM IO3-VER:SUP-be_short-SM-S3SG.INACT	‘Chelo lacks one Lari.’			
102	Mingrelian	57	hate	X (hate) Y	ненавидеть	X (ненавидеть) Y-а	Ø-ǯog-un-Ø (PRS)	DAT	NOM	X	DAT_NOM		čelo-s anučia-Ø Ø-ǯog-u(n)-Ø.	PN-DAT PN-NOM IO3-hate-SM-S3SG.INACT	‘Chelo hates Anuchia.’			Same as 126. 
102	Mingrelian	58	like	X (like) Y	нравиться	X-у (нравиться) Y	mo-Ø-c'on-s (PRS)	DAT	NOM	X	DAT_NOM	This verb is a recent borrowing from Georgian.	čelo-s te osare-Ø mo-Ø-c'on-s.	PN-DAT DEM.PROX shirt-NOM PRV-IO3-like-S3SG	‘Chelo likes this shirt.’			
102	Mingrelian	59	need	X (need) Y	нуждаться	X (нуждаться) в Y-е	Ø-o-sač'ir-un-Ø (PRS)	DAT	NOM	X	DAT_NOM	This verb is a recent borrowing from Georgian.	čelo-s para-Ø Ø-o-sač'ir-(un)-Ø.	PN-DAT money-NOM IO3-VER:SUP-need-SM-S3SG.INACT	‘Chelo needs money.’			
102	Mingrelian	60	surround	X (surround) Y	окружать	X (окружать) Y (стена город)	go-Ø-ʔ-un-s (PRS)	DAT	NOM	X	DAT_NOM		noγa-s galevan-i go-Ø-ʔ-un-s=u.	town-DAT town.wall-NOM PRV-IO3-accompany-SM-S3SG=EV	‘The wall surrounds the town.’			
102	Mingrelian	61	remain	X (have) Y left	оставаться	у X-а (оставаться) Y	d-Ø-a-sk'id-un-Ø (FUT)	DAT	ERG	X	DAT_ERG		čelo-s ku-d-Ø-a-sk'id-(u) xvale vit lar-k.	PN-DAT AFF-PRV-IO3-VER:SUP-remain-(S3SG.PST) only ten Lari-ERG	‘Chelo has ten Laris left.’			
102	Mingrelian	62	answer	X (answer) Y	отвечать	X (отвечать) Y-у	Ø-u-p'asux-en-s (FUT)	ERG	DAT	Y	ERG_DAT	This verb is a recent borrowing from Georgian.	čelo-k ušt'el-s Ø-u-p'asux-(u).	PN-ERG teacher-DAT IO3-VER:O-answer-(S3SG.PST)	‘Chelo answered the teacher.’			
102	Mingrelian	63	open	X (open) Y	открывать	X (открывать) Y	go-Ø-nc'q'-un-s (FUT)	ERG	NOM	TR	TR		čelo-k bank'a-Ø go-Ø-nc'q'-u.	PN-ERG jar-NOM PRV-DO3-open-S3SG.PST	‘Chelo opened a can.’			
102	Mingrelian	64	be_different	X (be different) from Y	отличаться	X (отличаться) от Y-а	gen-Ø-sxvav-eb-un-Ø (PRS)	NOM	ABL	Y	NOM_ABL	This verb phrase is a recent borrowing from Georgian.	čkim osare-Ø gen-Ø-sxvaveb-u(n)-Ø sk'an osare-še(n).	my shirt-NOM PRV-S3-be_different-SM-S3SG.INACT your.SG shirt-ABL	‘My shirt is different from your shirt.’			
102	Mingrelian	65	fall_behind	X (fall behind) Y	отстать	X (отставать) от Y-а	ek'-Ø-a-sk'id-un-Ø (FUT)	ERG	DAT	Y	ERG_DAT		čelo-k anučia-s k-ek'-Ø-a-sk'id-u.	PN-ERG PN-DAT AFF-PRV-IO3-VER:R-stay-S3SG.PST	‘Chelo fell behind Anuchia.’			
102	Mingrelian	66	plough	X (plough) Y	пахать	X (пахать) Y	Ø-bar-un-s (PRS)	ERG	NOM	TR	TR		čelo-Ø ʔvana-s Ø-bar-un-s=u.	PN-NOM field-DAT DO3-plough-SM-S3SG=EV	‘Chelo is ploughing the field.’			
102	Mingrelian	67	smell	X (smell) like / of Y	пахнуть	X (пахнуть) Y-ом	šur-i Ø-u-ntx-an-s (PRS)	*	*	*		Not included in the database because Y is expressed as an NP-internal modifier.	čkim xe-s benzin-iš šur-(i) Ø-u-ntx-an-s.	my hand-DAT gasoline-GEN smell-NOM IO3-VER:O-smell-SM-S3SG	‘My hands smell like gasoline.’			
102	Mingrelian	68	cross	X (cross) Y	пересечь	X (пересекать) Y (улицу) 	gin-Ø-i-l-en-s (FUT)	ERG	NOM	TR	TR		čelo-k šara-Ø gin-Ø-i-l-u.	PN-ERG road-NOM PRV-DO3-VER:S-go-S3SG.PST	‘Chelo crossed the road.’			
102	Mingrelian	69	sing	X (sing) Y	петь	X (петь) Y	Ø-i-bir-s (PRS)	ERG	NOM	TR	TR		čelo-k sk'vam-(i) bira-Ø k-Ø-i-bir-(u).	PN-ERG beautiful-(NOM) song-NOM AFF-S3-VER:S-sing-S3SG.PST	‘Chelo sang a beautiful song.’			
102	Mingrelian	70	write	X (write) Y	писать	X (писать) Y	do-Ø-č'ar-un-s (FUT)	ERG	NOM	TR	TR		čelo-k č'aril-(i) do-Ø-č'ar-(u).	PN-ERG letter-(NOM) PRV-DO3-write-S3SG.PST	‘Chelo wrote a letter.’			
102	Mingrelian	71	drink	X (drink) Y	пить	X (пить) Y	Ø-š-un-s (PRS)	ERG	NOM	TR	TR		čelo-k bža-Ø ge-Ø-š-u.	PN-ERG milk-NOM PRV-DO3-drink-S3SG.PST	‘Chelo drank the milk.’			
102	Mingrelian	72	melt	X (melt) Y	плавить	X (плавить) Y	d-Ø-a-ndγul-u-an-s (FUT)	ERG	NOM	TR	TR		čelo-k t'q'via-š noč'k'er-(i) d-Ø-a-ndγul-u.	PN-ERG lead-GEN piece-(NOM) PRV-DO3-FACT-melt-S3SG.PST	‘Chelo melted a piece of lead.’			
102	Mingrelian	73	match	X (match) Y	подходить	X (подходить) к Y-у (пояс к платью)	Ø-o-sk'van-s (PRS)	ERG	NOM	TR	TR		te ort'q'apun-(i) mangaro(t) Ø-o-sk'v-an-s čkim k'aba-s.	DEM.PROX belt-(NOM) greatly DO3-FACT-beautify-SM-S3SG my gown-DAT	‘This belt suits my gown well.’			
102	Mingrelian	74	leave	X (leave) Y	покидать	X (покидать) Y(-а)	d-Ø-i-t'-en-s (FUT)	ERG	NOM	TR	TR		čelo-k muš-(i) noγa-Ø ki-d-Ø-i-t'u-u.	PN-ERG REFL.POSS-(NOM) town-NOM AFF-PRV-DO3-VER:S-leave-S3SG.PST	‘Chelo left his (native) town for good.’			
102	Mingrelian	75	cover	X (cover) Y	покрывать	X (покрывать) Y	Ø-por-un-s (PRS)	ERG	NOM	TR	TR		nox-(i) tel p'rol-s Ø-por-un-s.	carpet-NOM entire floor-DAT DO3-cover-SM-S3SG	‘The carpet covers the whole floor.’			
102	Mingrelian	76	remember	X (remember) Y	помнить	X (помнить) Y-а	Ø-š-u(n)-Ø (PRS)	DAT	NOM	X	DAT_NOM		čelo-s muš-(i) ʔude-Ø Ø-š-u(n)-Ø.	PN-DAT REFL.POSS-(NOM) house-NOM IO3-remember-SM-S3SG.INACT	‘Chelo remembers his house.’			
102	Mingrelian	77	help	X (help) Y	помочь	X (помогать) Y-у	Ø-o-xvar-un-Ø (PRS)	ERG	DAT	Y	ERG_DAT	This verb is a recent borrowing from Georgian.	čelo-k anučia-s m-Ø-e-xvar-(u).	PN-ERG PN-DAT PRV-IO3-VER:R-help-S3SG.PST	‘Chelo helped Anuchia.’			
102	Mingrelian	78	understand	X (understand) Y	понимать	X (понимать) Y	Ø-a-rčkil-en-Ø (PRS)	DAT	NOM	X	DAT_NOM	The verb is the lexicalized potential form of ‘to hear’.	čelo-s prangul-(i) Ø-a-rčkil-e(n)-Ø.	PN-DAT French-(NOM) IO3-POT-hear-POT-S3SG.INACT	‘Chelo understands French.’			Same verb root as in 93.
102	Mingrelian	79	hit#target#	X (hit) Y	попасть	X (попадать) в Y (молния в дом)	gi-Ø-a-ntx-ap-un-Ø (FUT)	ERG	DAT	Y	ERG_DAT		elva-k ʔude-s ki-gi-Ø-a-ntx-u.	lightning-ERG house-DAT AFF-PRV-IO3-VER:R-fall-S3SG.PST	‘Lightning hit the house.’			
102	Mingrelian	80	cut_oneself	X (cut oneself) with Y	порезаться	X (резаться) Y-ом	g-Ø-i-č'k'ir-un-s (FUT)	ERG	INS	Y	ERG_INS		čelo-k brit'va-t(i) g-Ø-i-č'k'ir-u.	PN-ERG razor-INS PRV-DO3-VER:S-cut-S3SG.PST	‘Chelo cut himself with a razor.’			
102	Mingrelian	81	get_stuck	X (get stuck) to Y	прилипать	X (прилипать) к Y-у	gi-Ø-a-č'ab-un-Ø (FUT)	ERG	DAT	Y	ERG_DAT		č'irka-k st'ol-s ki-gi-Ø-a-č'ab-u.	glass-ERG table-DAT AFF-PRV-IO3-VER:R-glue-S3SG.PST	‘The glass got stuck to the table.’			
102	Mingrelian	82	lose#game#	X (lose) to Y	проиграть	X (проиграть) Y-у	c'a-Ø-a-g-en-s (FUT)	ERG	SOC	Y	ERG_SOC	This verb phrase is a recent borrowing from Georgian.	čelo-k anučia-c'k'uma c'a-Ø-a-g-u.	PN-ERG PN-SOC PRV-DO3-VER:SUP-lose-S3SG.PST	‘Chelo lost to Anuchia.’			
102	Mingrelian	83	be_glad	X (be glad) about Y	радоваться	X (радоваться) Y-у	Ø-o-xiol-un-Ø (PRS)	DAT	ERG	X	DAT_ERG		čelo-s nač'ara-k mangaro(t) Ø-a-xiol-(u).	PN-DAT letter-ERG greatly IO3-VER:R-be_glad-S3SG.PST	‘Chelo got pleased by the letter.’			
102	Mingrelian	84	speak	X (speak) with Y	разговаривать	X (разговаривать) с Y-ом	Ø-u-ragad-un-Ø (PRS)	ERG	DAT	Y	ERG_DAT		čelo-Ø anučia-s Ø-u-ragad-u(n)-Ø.	PN-NOM PN-DAT IO3-VER:R-talk-SM-S3SG.INACT	‘Chelo is talking to Anuchia.’			
102	Mingrelian	85	give_birth	X (give birth) to Y	рожать	X (рожать) Y-а	Ø-o-rčkin-u-an-s (PRS)	ERG	NOM	TR	TR		anučia-k boš-(i) ga-Ø-rčin-(u).	PN-ERG boy-(NOM) PRV-DO3-beget-S3SG.PST	‘Anuchia gave birth to a son.’			
102	Mingrelian	86	drop	X (drop) Y	ронять	X (ронять) Y	do-Ø-u-ol-un-Ø (FUT)	DAT	ERG	X	DAT_ERG		čelo-s č'irka-k ku-d-Ø-u-ol-(u).	PN-DAT glass-ERG AFF-PRV-IO3-VER:O-fall-S3SG.PST	‘Chelo dropped the glass.’			
102	Mingrelian	87	govern	X (govern) Y	руководить	X (руководить) Y	Ø-mart-en-s (PRS)	ERG	NOM	TR	TR	This verb phrase is a recent borrowing from Georgian.	čelo-Ø čkin oput'e-s Ø-mart-en-s.	PN-NOM our village-DAT DO3-rule-SM-S3SG	‘Chelo runs our town.’			
102	Mingrelian	88	miss	X (miss) Y	скучать	X (скучать) по Y-у	Ø-o-nat'r-un-Ø (PRS)	DAT	NOM	X	DAT_NOM	This verb phrase is a recent borrowing from Georgian.	čelo-s anučia-Ø Ø-o-nat'r-u(n)-Ø.	PN-DAT PN-NOM IO3-VER:SUP-miss-SM-S3SG.INACT	‘Chelo misses Anuchia.’			
102	Mingrelian	89	follow	X (follow) Y	следовать	X (следовать) за Y-ом	ge-Ø-ʔun-s (PRS)	ERG	DAT	Y	ERG_DAT		čelo-Ø anučia-s ge-Ø-ʔ-un-s.	PN-NOM PN-DAT PRV-IO3-follow-SM-S3SG	‘Chelo follows Anuchia.’			
102	Mingrelian	90	dismount	X (get down) from Y	слезать	X (слезать) с Y-a (с лошади)	gim-Ø-ur-s (FUT)	ERG	ABL	Y	ERG_ABL		čelo-k cxen-(i)še(n) gim-Ø-e-l-(u).	PN-ERG horse-ABL PRV-S3-VER:S-go-S3SG.PST	‘Chelo got down from the horse.’			
102	Mingrelian	91	listen	X (listen) to Y	слушать	X (слушать) Y	Ø-u-rčkil-en-Ø (PRS)	ERG	DAT	Y	ERG_DAT		čelo-Ø radio-s Ø-u-rčkil-e(n)-Ø.	PN-NOM radio-DAT IO3-VER:O-hear-SM-S3SG.INACT	‘Chelo is listening to radio.’			Same as 92.
102	Mingrelian	92	obey	X (obey) Y	слушаться	X (слушаться) Y-a	Ø-u-rčkil-en-Ø (PRS)	ERG	DAT	Y	ERG_DAT		čelo-Ø dia-muš-i-s iro(t) Ø-u-rčkil-e(n)-Ø.	PN-NOM mother-REFL.POSS-DAT always IO3-VER:O-hear-SM-S3SG.INACT	‘Chelo obey his mother.’			Same as 91.
102	Mingrelian	93	hear	X (hear) Y	слышать	X (слышать) Y	Ø-a-rčkil-en-Ø (PRS)	DAT	ERG	X	DAT_ERG		čelo-s musik'a-Ø Ø-a-rčkil-e(n)-Ø.	PN-DAT music-NOM IO3-POT-hear-POT-S3SG.INACT	‘Chelo hears the music.’			Same verb root as in 78.
102	Mingrelian	94	mix	X (get mixed) with Y	смешаться	X (смешаться) с Y-ом	miš-Ø-a-k'vat-un-Ø (FUT)	ERG	DAT	Y	ERG_DAT		topur-k bža-s miš-Ø-a-k'vat-(u).	honey-ERG milk-DAT PRV-IO3-VER:R-penetrate-S3SG.PST	‘The honey got mixed with the milk.’			
102	Mingrelian	95	look	X (look) at Y	смотреть	X (смотреть) на Y	Ø-u-ǯin-en-Ø (PRS)	ERG	DAT	Y	ERG_DAT		čelo-Ø munapa-s Ø-u-ǯin-e(n)-Ø.	PN-NOM cloud-DAT IO3-VER:O-look_at-SM-S3SG.INACT	‘Chelo is looking at the cloud.’			
102	Mingrelian	96	take_off	X (take off) Y	снимать	X (снимать) Y (рубашку)	mik'-Ø-i-nc'q'-un-s (FUT)	ERG	NOM	TR	TR		čelo-k osare-Ø ga-mk'-Ø-i-nc'q'-u.	PN-ERG shirt-NOM PFV-PRV-DO3-VER:S-take_off-S3SG.PST	‘Chelo took off (his) shirt.’			
102	Mingrelian	97	dream#sleeping#	X (dream) about Y	сниться	X-у (сниться) Y	Ø-o-sizmar-un-Ø (PRS)	DAT	ERG	X	DAT_ERG	This verb is a recent borrowing from Georgian.	čelo-s anučia-Ø Ø-o-sizmar-u(n)-Ø.	PN-DAT PN-NOM IO3-VER:SUP-dream-SM-S3SG.INACT	‘Chelo dreams about Anuchia.’			
102	Mingrelian	98	agree	X (agree) with Y	соглашаться	X (соглашаться) с Y-ом	Ø-o-tanxm-un-Ø (PRS)	ERG	DAT	Y	ERG_DAT	This verb phrase is a recent borrowing from Georgian.	čelo-k anučia-s d-Ø-e-tanxm-u.	PN-ERG PN-DAT PRV-IO3-VER:R-agree-S3SG.PST	‘Chelo agreed with Anuchia.’			
102	Mingrelian	99	have_a_quarrel	X (have a quarrel) with Y	ссориться	X (ссориться) с кем Y	c'-Ø-e-k'ind-eb-un-Ø (FUT)	ERG	DAT	Y	ERG_DAT	This verb is a recent borrowing from Georgian.	čelo-k anučia-s c'-Ø-e-k'ind-u.	PN-ERG PN-DAT PRV-IO3-VER:R-quarrel-S3SG.PST	‘Chelo had a quarrel with Anuchia.’			
102	Mingrelian	100	cost	X (cost) Y	стоить	X (стоить) Y (один доллар)	Ø-γir-un-Ø (PRS)	NOM	NOM	X	NOM_NOM	This verb phrase is likely to be a recent borrowing from Georgian.	te č'irka-Ø art lar-(i) Ø-γir-u(n)-Ø.	DEM.PROX glass-NOM one Lari-(NOM) S3-cost-(SM)-S3SG.INACT	‘This cup cost one Lari.’			
102	Mingrelian	101	shoot_at	X (shoot) at Y	стрелять	X (стрелять) в Y-а	Ø-o-ʔot-an-s (FUT)	ERG	DAT	Y	ERG_DAT		čelo-k čit'-i-s k-Ø-a-ʔot-u.	PN-ERG bird-B-DAT AFF-IO3-VER:SUP-throw-S3SG.PST	‘Chelo shot at the bird.’			Same verb as 4.
102	Mingrelian	102	pour	X (pour) Y	сыпать	X (сыпать) Y	in-Ø-i-rγv-an-s (PRS)	ERG	NOM	TR	TR		čelo-k č'irka-ša šakar-(i) k-in-Ø-i-rγ-u.	PN-ERG glass-ALL sugar-(NOM) AFF-PRV-DO3-VER:S-scatter-S3SG.PST	‘Chelo poured the sugar into the cup.’			
102	Mingrelian	103	lose	X (lose) Y	терять	X (терять) Y	mi-Ø-o-din-u-an-s (FUT)	ERG	NOM	TR	TR		čelo-k muš-(i) k'ila-Ø mi-Ø-o-din-(u).	PN-ERG REFL.POSS-(NOM) key-NOM PRV-DO3-FACT-lose-S3SG.PST	‘Chelo lost his keys.’			
102	Mingrelian	104	sink	X (sink) in Y	тонуть	X (тонуть) в Y-е	Ø-i-nc'q'-u-ap-un-Ø (PRS)	ERG	DAT	Y	ERG_DAT		ǯik'-i-k c'q'ar-s di-Ø-i-nc'q'-u.	log-B-ERG water-DAT PRV-S3-VER:S-sink-S3SG.PST	‘The log sank in the water.’			kinišk'vidu, dišk'vidu - adamianze
102	Mingrelian	105	kill	X (kill) Y	убивать	X (убивать) Y-а	do-Ø-ʔvil-un-s (FUT)	ERG	NOM	TR	TR		čelo-k anučia-Ø do-Ø-ʔvil-u.	PN-ERG PN-NOM PRV-DO3-kill-S3SG.PST	‘Chelo killed Anuchia.’			
102	Mingrelian	106	hit	X (hit) Y	ударить	X (ударять) Y-а	xe-s mi-Ø-o-g-an-s (PRS)	ERG	DAT	Y	ERG_DAT		čelo-k anučia-s xe-Ø mi-Ø-o-g-u.	PN-ERG PN-DAT hand-NOM PRV-IO3-VER:SUP-hit-S3SG.PST	‘Chelo hit Anuchia.’			
102	Mingrelian	107	kiss	X (kiss) Y	целовать	X (целовать) Y-а	Ø-o-ǯun-un-Ø (PRS)	ERG	DAT	Y	ERG_DAT		čelo-k anučia-s k-Ø-a-ǯun-u.	PN-ERG PN-DAT AFF-IO3-VER:R-kiss-S3SG.PST	‘Chelo kissed Anuchia.’			
102	Mingrelian	108	read	X (read) Y	читать	X (читать) Y-а	Ø-k'itxul-en-s (PRS)	ERG	NOM	TR	TR	This verb is a recent borrowing from Georgian.	čelo-k saint'ereso c'ing-i c'-Ø-e-k'itx-(u).	PN-ERG interesting book-NOM PRV-DO3-VER:S-read-S3SG.PST	‘Chelo read an interesting book.’			
102	Mingrelian	109	move#bodypart#	X (move) Y	шевелить	X (шевелить) Y-ом	Ø-u-kanc-u-an-s (PRS)	ERG	DAT	Y	ERG_DAT	See #1.	čelo-k k'it'-i-s ku-d-Ø-u-kanc-u.	PN-ERG finger-B-DAT AFF-PRV-IO3-VER:O-move-S3SG.PST	‘Chelo moved his finger.’			kuduxvarxvalu (odnav), šearxiasavito
102	Mingrelian	110	respect	X (respect) Y	уважать	X (уважать) Y-а	p'at'-s s-c-en-s (PRS)	ERG	DAT	Y	ERG_DAT	This verb phrase is a recent borrowing from Georgian.	čelo-Ø anučia-s p'at'-s s-c-en-s.	PN-NOM PN-DAT respect-DAT IO3-give-SM-S3SG	‘Chelo respects Anuchia.’			
102	Mingrelian	111	be_squeamish	X (be squeamish) about Y	брезговать	X (брезговать) Y-ом	Ø-o-c'ic'k'-un-Ø (PRS)	DAT	NOM	X	DAT_NOM		čelo-s c'ik'vil-i p'asuda-Ø Ø-o-c'ic'k'-u(n)-Ø.	PN-DAT dirty-NOM dishes-NOM IO3-VER:SUP-be_squeamish-SM-S3SG.INACT	‘Chelo is squeamish about dirty dishes.’			
102	Mingrelian	112	be_content	X (be content) with	быть довольным	X (быть довольным) Y-ом	k'maq'opil-i Ø-o-r-en-Ø (PRS)	NOM	INS	Y	NOM_INS	Non-verbal predicate (participle). Y is part of an adjunct. The verb phrase is a recent borrowing from Georgian.	čelo-Ø k'maq'opil-(i) Ø-(o)-r-e(n)-Ø muš sk'ua-t(i).	PN-NOM satisfied-(NOM) S3-(VER:SUP)-be-SM-S3SG.INACT REFL.POSS child-INS	‘Chelo is content with his child.’			
102	Mingrelian	113	fall_in_love	X (fall in love) with Y	влюбляться	X (влюбляться) в Y-a	Ø-e-ʔor-op-eb-un-Ø (PRS)	DAT	ERG	X	DAT_ERG		čelo-s anučia-k k-Ø-e-ʔor-op-u.	PN-DAT PN-ERG AFF-IO3-VER:R-love-R.EXT-S3SG.PST	‘Chelo fell in love with Anuchia.’			
102	Mingrelian	114	trust	X (trust) Y	доверять	X (доверять) Y-у	Ø-o-nd-un-Ø (PRS)	ERG	DAT	Y	ERG_DAT	This verb phrase is a recent calque of the Georgian original.	čelo-Ø anučia-s Ø-o-nd-u(n)-Ø.	PN-NOM PN-DAT IO3-VER:SUP-trust-SM-S3SG.INACT	‘Chelo trusts Anuchia.’			
102	Mingrelian	115	sympathise	X (sympathise) with Y	жалеть	X (жалеть) Y-а	Ø-e-cod-un-Ø (PRS)	DAT	NOM	X	DAT_NOM	This verb phrase is a recent calque of the Georgian original.	čelo-s dia-muš-(i) Ø-e-cod-(un)-Ø.	PN-DAT mother-REFL.POSS-(NOM) IO3-VER:R-pity-SM-S3SG.INACT	‘Chelo sympathizes with his mother.’			
102	Mingrelian	116	envy	X (envy) Y	завидовать	X (завидовать) Y-у	Ø-o-nǯar-un-Ø (PRS)	DAT	GEN	XY	DAT_GEN		čelo-s anučia-ši Ø-o-nǯar-u(n)-Ø.	PN-DAT PN-GEN IO3-VER:SUP-envy-SM-S3SG.INACT	‘Chelo envies Anuchia.’			
102	Mingrelian	117	be_angry	X (be angry) with Y	злиться	X (злиться) на Y-а	Ø-a-nč'q'or-u-ap-un-Ø (PRS)	ERG	DAT	Y	ERG_DAT		čelo-Ø anučia-s Ø-a-nč'q'or-u-ap-u(n)-Ø.	PN-NOM PN-DAT IO3-VER:R-be_angry-R.EXT-CAUS-SM-S3SG.INACT	‘Chelo is angry with Anuchia.’			
102	Mingrelian	118	be_surprised	X (be surprised) at Y	удивляться	X (удивляться) Y-у	g-Ø-u-k'vird-un-Ø (FUT)	DAT	ERG	X	DAT_ERG	This verb is a recent borrowing from Georgian.	čelo-s te sačukar-k g-Ø-u-k'vird-(u).	PN-DAT DEM.PROX gift-ERG PRV-IO3-VER:O-get_surprised-S3SG.PST	‘Chelo got surprised at this gift.’			
102	Mingrelian	119	love2	X (love) Y	любить-2	X (любить) Y (чай/яблоки)	Ø-u-ʔor-s (PRS)	DAT	NOM	X	DAT_NOM		čelo-s čai-Ø Ø-u-ʔor-s.	PN-DAT tea-NOM IO3-VER:O-love-S3SG	‘Chelo loves tea.’			Same as 46.
102	Mingrelian	120	enjoy	X (enjoy) Y	наслаждаться	X (наслаждаться) Y-ом	Ø-xar-en-s (PRS)	NOM	INS	Y	NOM_INS		čelo-Ø čxe čai-t Ø-xar-en-s.	PN-NOM hot tea-INS S3-rejoice-SM-S3SG	‘Chelo enjoys hot tea.’			
102	Mingrelian	121	want	X (want) Y	хотеть	X (хотеть) Y-а	Ø-o-k'-on-Ø (PRS)	DAT	NOM	X	DAT_NOM		čelo-s Ø-o-k'-o(n)-Ø axal-(i) t'elepon-i.	PN-DAT IO3-VER:SUP-want-SM-S3SG.INACT new-(NOM) telephone-NOM	‘Chelo want a new phone.’			
102	Mingrelian	122	have_a_grudge	X (have a grudge) against Y	сердиться	X (сердиться) на Y-а	gurmulir-i Ø-o-r-en-Ø (PRS)	NOM	ABL	Y	NOM_ABL	Non-verbal predicate (participle).	čelo-Ø anučia-še(n) Ø-(o)-r-e(n)-Ø gur-mulir-(i).	PN-NOM PN-ABL S3-(VER:SUP)-be-SM-S3SG.INACT heart-come-(NOM)	‘Chelo has a grudge against Anuchia.’			
102	Mingrelian	123	take_offence	X (take_offence) at Y	обижаться	X (обижаться) на Y-а	Ø-a-nč'q'or-un-Ø (PRS)	ERG	DAT	Y	ERG_DAT		čelo-k anučia-s ga-Ø-a-nč'q'or-(u).	PN-ERG PN-DAT PRV-IO3-VER:R-take_offence-S3SG.PST	‘Chelo took offence at Anuchia.’			čelo-Ø anučia-s gauc'q'ra.
102	Mingrelian	124	upset	X (upset) Y	огорчать	X (огорчать) Y-а	Ø-o-c'q'in-eb-apu-an-s (FUT)	ERG	DAT	Y	ERG_DAT		čelo-k anučia-s mangaro(t) Ø-o-c'q'in-eb-ap-u.	PN-ERG PN-DAT greatly IO3-CAUS-upset-R.EXT-CAUS-S3SG.PST	‘Chelo greatly upset Anuchia.’			
102	Mingrelian	125	marvel	X (marvel) at Y	поражаться	X (поражаться) Y-у	č'k'ua-še(n) gin-Ø-i-l-en-s (FUT)	ERG	INS	Y	ERG_INS		čelo-k č'k'ua-še(n) gin-Ø-i-l-u te noγa-t(i).	PN-ERG wit-ABL PRV-S3-VER:S-go-S3SG.PST DEM.PROX town-INS	‘Chelo got crazy about this town.’			
102	Mingrelian	126	despise	X (despise) Y	презирать	X (презирать) Y-а	Ø-ǯog-un-Ø (PRS)	*	*	*		Not included in the database because this translation is semantically inaccurate.	čelo-s anučia-Ø Ø-ǯog-u(n)-Ø.	PN-DAT PN-NOM IO3-hate-SM-S3SG.INACT	‘Chelo hates Anuchia.’			Same as 57. However, it is this verb that etymologically corresponds to the one provided in the Georgian dataset (#126), not to the one provided in (#57),
102	Mingrelian	127	get_upset	X (get upset) with Y	огорчаться	X (огорчаться) из-за Y-а	gonč'q'orel-i Ø-sk'id-un-Ø (PRS)	ERG	ABL	Y	ERG_ABL	Non-verbal predicate (participle). Y is part of an adjunct and its expression can vary.	čelo-k mangar gorč'q'orel-k ku-do-Ø-sk'id-(u) muš sk'ua-še(n).	PN-ERG great upset-ERG AFF-PRV-S3-remain-S3SG.PST REFL.POSS child-ABL	‘Chelo got greatly upset with his child.’			
102	Mingrelian	128	get_irritated	X (get irritated) with Y	раздражаться	X (раздражаться) на Y-а	Ø-o-γizian-un-Ø (PRS)	ERG	ABL	Y	ERG_ABL	This verb is a recent borrowing from Georgian.	čelo-Ø Ø-o-γizian-u(n)-Ø muš osursk'ua-še(n).	PN-NOM S3-VER:SUP-annoy-SM-S3SG.INACT REFL.POSS daughter-ABL	‘Chelo is getting irritatated with his daughter.’			
102	Mingrelian	129	be_fond	X (be fond) of Y	симпатизировать	X (симпатизировать) Y-у	Ø-o-simp'at'ior-un-Ø (PRS)	DAT	NOM	X	DAT_NOM	This verb is a recent borrowing from Georgian.	čelo-s anučia-Ø Ø-o-simp'at'iur-u(n)-Ø.	PN-DAT PN-NOM IO3-VER:SUP-be_fond-SM-S3SG.INACT	‘Chelo is fond of Anuchia.’			
102	Mingrelian	130	be_shy	X (be shy) about Y	стесняться	X (стесняться) Y-а	Ø-o-onǯγor-un-Ø (PRS)	DAT	GEN	XY	DAT_GEN		čelo-s muš-i simaγle-ši Ø-o-onǯγor-u(n)-Ø.	PN-DAT REFL.POSS-B height-GEN IO3-VER:SUP-be_ashamed-SM-S3SG.INACT	‘Chelo is shy about his height.’			