language_no	predicate_no	verb	X	Y	locus	valency_pattern	sentence	glosses_en	back_translation_en	glosses_ru	back_translation_ru
85	1	ruqχ’.u	GEN	NOM	X	GEN_NOM	ali-r miar ruqχ’.u-r	PN.OBL-INAN2(GEN) head[INAN2][NOM] ache.PST-PROG	‘Ali has a headache.’		
85	2	ruqχ’.udo	NOM	COM	Y	NOM_COM	ali ruqχ’.udo honqχ’isːol=loj	PN[M][NOM] ache.PST.PRS influenza=COM	‘Ali has the flu.’		
85	3	sːir.i	NOM	CONT	Y	NOM_CONT	ali χʷe-tʃ’u sːir.i-r	PN[M][NOM] dog.OBL-CONT fear.PST-PROG	‘Ali fears the dog.’		
85	4	ʃamm.i	ERG	NOM	TR	TR	ali-di hints’o ʃamm.i	PN-ERG stone[INAN1][NOM] throw.PST(AOR)	‘Ali threw a stone.’		
85	5	<b>-iʔ.u-mallo 	DAT	NOM	X	DAT_NOM	ali-ɬu orsi b-iʔ.u-mallo	PN-DAT money[INAN1][NOM] INAN1-be_enough.PST-PROG	‘Ali has enough money.’		
85	6	a<w>ɬin	NOM	AFF	Y	NOM_AFF	ali a<w>ɬin muħammadi-<w>o	PN[M][NOM] resemblant<M> PN-AFF<M>	‘Ali resembles Muhammad.’		
85	7	buʒ.u	NOM	SUPER.LAT	Y	NOM_SUPER.LAT	ali buʒ.u-r mariam-ʔo	PN[M][NOM] believe.PST-PROG PN-SUPER.LAT	‘Ali believes Mariam.’		
85	8	<r>-iχ.i	ERG	NOM	TR	TR	ali-di χutʃa r-iχ.i	PN-ERG book[INAN2][NOM] INAN2-take.PST(AOR)	‘Ali took a book.’		
85	9	haʔ.o	AFF	NOM	X	AFF_NOM	pat’imati-<b>o haʔ.o-r milki	PN-AFF<INAN1> see.PST-PROG house[INAN1][NOM]	‘Patimat sees a house.’		
85	10	*	*	*	*		zaman b-uʔonn.i-r-qχi pamjat b-itʃ’.o-r	time INAN1-go.PST-PROG-INST memory INAN1-die.PST-PROG	‘With time passing, memory dies.’		
85	11	badi <w>-ukː.u	AFF	NOM	X	AFF_NOM	ali-<w>o badi aliħadʒi w-ukː.u	PN-AFF<M> forth PN[M][NOM] M-fall.PST(AOR)	‘Ali met Aligaji’		
85	12	kab.i	NOM	ILLAT	Y	NOM_ILLAT	ali harqχ’u-di kab.i	PN[M][NOM] room.OBL-ILLAT enter.PST(AOR)	‘Ali entered the room.’		
85	13	<w>-uʃ.a	NOM	SUPER.LAT	Y	NOM_SUPER.LAT	ali w-uʃ.a ʃaχmata-tɬo umarħadʒi-ʔo	PN[M][NOM] M-win.PST(AOR) chess-? PN-SUPER.LAT	‘Ali won over Umar at chess.’		
85	14	<w>-uʔ.on	NOM	IN.EL	Y	NOM_IN.EL	ali w-uʔ.on iʃu-kːu	PN[M][NOM] M-go.PST(AOR) home.IN-EL	‘Ali went out of the house.’		
85	15	<b>-uqχ’.i-r	ERG	NOM	TR	TR	ali-di ziw̃ b-uqχ’.i-r alaχil-ʔo	PN-ERG cow[AN][NOM] AN-push.PST-PROG pasture-SUPER.LAT	‘Ali pushes the cow to the pasture.’		
85	16	tʃ’ab-oɬ.i	ERG	NOM	TR	TR	pat’imati-di anɡa tʃ’ab-oɬ.i	PN-ERG branch[INAN1][NOM] bend_oneself-CAUS.PST(AOR)	‘Patimat bent the branch.’		
85	17	rutɬ.i:	ERG	INST	Y	ERG_INST	ali-di umarħadʒi-qχi rutɬ.i: “…”	PN-ERG PN-INST say.PST(AOR)	‘Ali said to Umagaji: “…”’		
85	18	0	CONT	NOM	X	CONT_NOM	ali-tʃ’u kodu χutʃa	PN-CONT hands.IN book[INAN2][NOM]	‘Ali is holding a book.’		
85	19	<w>-eχːudu <w>-oqχ.o-j	NOM	CONT	Y	NOM_CONT	ali muħammadi-tʃ’u w-eχːudu w-oqχ.o-j	PN[M][NOM] PN-CONT M-after M-reach.PST-PF	‘Ali reached Muhammad.’		
85	20	<b>-ertʃ’.u	ERG	NOM	TR	TR	pat’imati-di b-ertʃ’.u ziw̃	PN-ERG AN-milk.PST(AOR) cow[AN][NOM]	‘Patimat milked the cow.’		
85	21	<w>-oqχ.o	NOM	SUPER.LAT	Y	NOM_SUPER.LAT	ali rahal-ʔo w-oqχ.o	PN[M][NOM] bank.OBL-SUPER.LAT M-reach.PST(AOR)	‘Ali reached the river bank.’		
85	22	reʔa ob.i	ERG	SUPER	Y	ERG_SUPER	ali-di reʔa ob.i qχ’enno-ʔa	PN-ERG hand[INAN2][NOM] touch.PST(AOR) wall.OBL-SUPER	‘Ali touched the wall.’		
85	23	<w>-aχː.o-j	NOM	COM	Y	NOM_COM	ali aħmadi=lojɡu w-aχː.o-j	PN[M][NOM] PN.OBL=COM M-fight.PST-PF	‘Ali and Ahmad are fighting.’		
85	24	homoloʁi-ɬir-ʔa	NOM	COM	Y	NOM_COM	ali homoloʁi-ɬir-ʔa qχ’urban=noj	PN[M][NOM] friend-ABST-SUPER PN=COM	‘Ali is friends with Qurban.’		
85	25	urʁ.u-mallo	NOM	SUPER.LAT	Y	NOM_SUPER.LAT	ali urʁ.u-mallo umarħadʒi-ʔo	PN[M][NOM] think.PST-PROG PN-SUPER.LAT	‘Ali is thinking about Umargaji.’		
85	26	k’amm.i	ERG	NOM	TR	TR	ali-di intʃi k’amm.i	PN-ERG apple[INAN1][NOM] eat.PST(AOR)	‘Ali ate an apple.’		
85	27	<b>-eʒ.a	ERG	NOM	TR	TR	pat’imati-di b-eʒ.a χʷammi	PN-ERG INAN1-brown.PST(AOR) fish[INAN1][NOM]	‘Patimat fried a fish.’		
85	28	tʃ’on	NOM	SUPER.LAT	Y	NOM_SUPER.LAT	pat’imati mariam-ʔo tʃ’on	PN[F][NOM] PN[F]-SUPER.LAT stand_waiting.PST(AOR)	‘Patimat is waiting for Mariam.’		
85	29	retʃː.o-j	AFF	NOM	X	AFF_NOM	ali-<b>o se-b=lo miqχ’i retʃː.o-j	PN-AFF<INAN1> one-INAN1=ADD road[INAN1][NOM] forget.PST-PF	‘Ali forgot about the other road.’		
85	30	*	*	*	*		aqχ’ulo r-uʔ.inn-ija w-oχːor-l’ir-qχi	knowledge INAN2-go.NPST-PTCP.NPST M-old-ABST-INST	‘Memory goes away with age.’		
85	31	qχ’or.i	ERG	NOM	TR	TR	pat’imati-di muħammad qχ’or.i	PN-ERG PN[M][NOM] call.PST(AOR)	‘Patimat called Muhammad.’		
85	32	ts’inn.i j-iʁ.i	AFF	NOM	X	AFF_NOM	pat’imati-<j>o sːobɡu ts’inn.i j-iʁ.i mariam.	PN-AFF<F> a_year_ago know.PST(AOR) F-stop.PST(AOR) PN[F][NOM]	‘Patimat met Mariam a year ago.’		
85	33	ts’inn-e	AFF	NOM	X	AFF_NOM	ali-<j>o ts’inn-e mariam.	PN-AFF<F> know-HAB PN[F][NOM]	‘Ali knows Mariam.’		
85	34	qχʷar.i-r	ERG	NOM	TR	TR	pat’imati-di pandur qχʷar.i-r.	PN-ERG guitar[INAN1][NOM] write.PST-PROG	‘Patimat is playing the guitar.’		
85	35	<w>-utʃ’.u-mado	NOM	CONT.EL	Y	NOM_CONT.EL	ali muħammadi-tʃ’u-kːu w-utʃ’.u-mado.	PN[M][NOM] PN.OBL-CONT-EL M-?.PST-PROG	‘Ali is avoiding Muhammad.’		
85	36	dʒid.i	ERG	NOM	TR	TR	ali-di bomba dʒid.i.	PN-ERG bomb[INAN1][NOM] make.PST(AOR)	‘Ali made a bomb.’		
85	37	<j>-eɬː-o	NOM	SUPER	Y	NOM_SUPER	pat’imati muħammadi-ʔa j-eɬː-o	PN[F][NOM] PN-SUPER F-laugh-HAB	‘Patimat is laughing at Muhammad.’		
85	38	dʒi	GEN	NOM	X	GEN_NOM	ali-b dʒi maʃina.	PN-INAN1(GEN) COP car[INAN1][NOM]	‘Ali has a car.’		
85	39	kusd.i-r	ERG	NOM	TR	TR	pat’imati-di kusd.i-r rek’ulol.	PN-ERG search.PST-PROG key[INAN2].PL[NOM]	‘Patimat is looking for the key.’		
85	40	buʃ.o	ERG	NOM	TR	TR	ali-di qχen buʃ.o.	PN-ERG wall[INAN1][NOM] smear.PST(AOR)	‘Ali painted the wall.’		
85	41	qχ’amm.i-j	ERG	SUPER	Y	ERG_SUPER	χʷedo-di qχ’amm.i-j pat’imati-ʔa.	dog.OBL-ERG bite.PST-PF PN-SUPER	‘The dog bit Patimat.’		
85	42	<w>-at’a-ɬ.i-j	NOM	CONT.EL	Y	NOM_CONT.EL	ali milki-tʃ’u-kːu w-at’a-ɬ.i-j	PN[M][NOM] house-CONT-EL M-separate-INCH.PST-PF	‘Ali lost his house.’		
85	43	<b>-itʃː.i-r	ERG	NOM	TR	TR	ali-di ɡedu b-itʃː.i-r.	PN-ERG cat[AN][NOM] AN-catch.PST-PROG	‘Ali is catching the cat.’		
85	44	<r>-iqχ-onɬ.i	ERG	NOM	TR	TR	ali-di ts’ur r-iqχ-onɬ.i.	PN-ERG stick[INAN2][NOM] INAN2-break_oneself-CAUS.PST(AOR)	‘Ali broke the stick.’		
85	45	*	*	*	*		pat’imati-di mariam j-etsːiqχ-o.	PN-ERG PN[F][NOM] F-praise-HAB	‘Patimat is praising Mariam.’		
85	46	dʒiʔ.i-r	AFF	NOM	X	AFF_NOM	pat’imati-<j>o dʒiʔ.i-r mariam.	PN-AFF<F> like.PST-PROG PN[F][NOM]	‘Patimat likes Mariam.’		
85	47	xʷaʔi-la	NOM	INST	Y	NOM_INST	pat’imati k’azil-qχi xʷaʔi-la	PN[F][NOM] shawl.OBL-INST waving-IN	‘Patimat is waving with her shawl.’		
85	48	aniʃːi	GEN	NOM	X	GEN_NOM	ali-b aniʃːi tsiw̃ maʃina	PN-INAN1(GEN) dream[INAN1][NOM] new car[INAN1][NOM]	‘Ali dreams of a new car.’		
85	49	a<r>tʃ.o-j	ERG	NOM	TR	TR	pat’imati-di a<r>tʃ.o-j tʃinɡil	PN-ERG wash<INAN2>.PST-PF cup[INAN2][NOM]	‘Patimat washed the cup.’		
85	50	ritɬ’.inn-ij	ERG	NOM	TR	TR	ali-di ritɬ’.inn-ij ortʃoɡi	PN-ERG put_on.PST-PF trousers[INAN1][NOM]	‘Ali put on trousers.’		
85	51	ts’er	SUPER.LAT	NOM	X	SUPER.LAT_NOM	he-b dan-ʔo ts’er qχ’ilba	DEM-INAN1 thing[INAN1]-SUPER.LAT name[INAN2][NOM] compass	‘This thing is called a compass.’		
85	52	*	*	*	*		*	*	*		
85	53	ɬib.i-j  hiʔo 	NOM	SUPER.LAT	Y	NOM_SUPER.LAT	sej ɬib.i-j hiʔo χʷammi b-itʃː.i-r-sːi hek’ʷaʃ-ʔo	bear[AN][NOM] jump.PST-PF up.LAT fish[AN][NOM] AN-catch.PST-PROG-ATR person.OBL-SUPER.LAT	‘The bear attacked the fisherman.’		
85	54	<b>-its’.i-j	NOM	INST	Y	NOM_INST	vedra ɬen-di b-its’.i-j	bucket[INAN1][NOM] water-INST INAN1-fill.PST-PF	‘The bucket has filled up with water.’		
85	55	r-osː.onn-ij	AFF	NOM	X	AFF_NOM	pat’imati-<r>o r-osː.onn-ij rek’ulol	PN-AFF<INAN2> INAN2-PL\find.PST-PF keys[INAN2].PL[NOM]	‘Patimat has found the keys.’		
85	56	b-iʔ.u-mado-sːu	DAT	NOM	X	DAT_NOM	ali-ɬu sːe-b som b-iʔ.u-mado-sːu	PN-DAT one-INAN1 rouble INAN1-be_enough.PST-PROG-NEG	‘Ali is missing one rouble.’		
85	57	*	*	*	*		pat’imati-<j>o dʒiʔ.i-r-sːu mariam	PN-AFF<F> like.PST-PROG-NEG PN[F][NOM]	‘Patimat doesn’t like Mariam.’		
85	58	dʒiʔ.i-j	AFF	NOM	X	AFF_NOM	pat’imati-<r>o dʒiʔ.i-j ɡurdo	PN-AFF<INAN2> like.PST-PF shirt[INAN2][NOM]	‘Patimat likes [this] shirt.’		
85	59	*	*	*	*		ali-ɬu orsi qχ’oroqχ’.o-j	PN-DAT money want.PST-PF	‘Ali wants/needs money.’		
85	60	hinni <b>-iʃ-oɬ.i-j	ERG	NOM	TR	TR	qχ’enada-di hinni b-iʃ-oɬ.i-j ʃahar	wall.PL.OBL-ERG inside.LAT INAN1-return-CAUS.PST-PF town[INAN1][NOM]	‘The walls surround the town.’		
85	61	<b>-ekː.u-j	CONT	NOM	X	CONT_NOM	ali-tʃ’u hots’o=ɡu som b-ekː.u-j	PN-CONT ten=CARD rouble[INAN1][NOM] INAN1-stay.PST-PF	‘Ali has ten roubles left.’		
85	62	dʒawab itʃː.i	ERG	DAT	Y	ERG_DAT	ali-di utʃitelʃːu-j dʒawab itʃː.i.	PN-ERG teacher.OBL-DAT answer[INAN1][NOM] give.PST(AOR)	‘Ali answered the teacher.’		
85	63	arχ.onn-ij	ERG	NOM	TR	TR	pat’imati-di arχ.onn-ij banka.	PN-ERG open.PST-PF tin[INAN1][NOM]	‘Patimat opened the tin.’		
85	64	<b>-at’a	NOM	CONT	Y	NOM_CONT	di-r ɡurdo du-r-tʃ’u b-at’a.	I.OBL-INAN2(GEN) shirt[INAN2][NOM] thou.OBL-INAN2(GEN)-CONT INAN1-separate	‘My shirt is different from yours.’		
85	65	<j>-eχːudu <j>-ekː.u-j	NOM	CONT	Y	NOM_CONT	pat’imati mariam-tʃ’u j-eχːudu j-ekː.u-j.	PN[F][NOM] PN-CONT F-after F-stay.PST-PF	‘Patimat fell behind Mariam.’		
85	66	<b>-eqχ’.i-r	ERG	NOM	TR	TR	ali-di b-eqχ’.i-r χur.	PN-ERG INAN1-plough.PST-PROG field[INAN1][NOM]	‘Ali is ploughing the field.’		
85	67	ʃan (<b>-aχ-o)	CONT.EL	GEN	XY	CONT.EL_GEN	di-r-ul reʔoba-tʃ’u-kːu benzinu-tɬi zolo ʃan (b-aχ.o).	I.OBL-INAN2(GEN)-PL hand.PL.OBL-CONT-EL benzine.OBL-GEN very odour[INAN1][NOM] INAN1-end_up.PST(AOR)	‘My hands smell of benzine very strongly.’		
85	68	buqχ’-i	ERG	NOM	TR	TR	ali-di miqχ’i buqχ’-i.	PN-ERG road[INAN1][NOM] cut.PST(AOR)	‘Ali crossed the road.’		
85	69	qχ’or.i-j	ERG	NOM	TR	TR	pat’imati-di qχ’or.i-j baʁu ketʃ’i.	PN-ERG call.PST-PF beautiful song[INAN1][NOM]	‘Patimat sang a beautifl song.’		
85	70	qχʷar.i-j	ERG	NOM	TR	TR	pat’imati-di qχʷar.i-j kaʁar.	PN-ERG write.PST-PF lettter[INAN1][NOM]	‘Patimat has written a letter.’		
85	71	ts’ad.i	ERG	NOM	TR	TR	ali-di ʃiw̃ ts’ad.i.	PN-ERG milk[INAN2][NOM] drink.PST(AOR)	‘Ali has drunk the milk.’		
85	72	<b>-uts’-oɬ.i	ERG	NOM	TR	TR	ali-di b-uts’-oɬ.i t’uʃi.	PN-ERG INAN1-melt-CAUS.PST(AOR) lead	‘Ali has melt lead.’		
85	73	roqχ’.i-r	NOM	SUPER	Y	NOM_SUPER	hene-r rotɬ’utʃ’ur di-r gurdo-ʔa roqχ’.i-r.	DEM-INAN2 belt[INAN2][NOM] I.OBL-INAN2(GEN) shirt-SUPER convene.PST-PROG	‘This belt fits my dress.’		
85	74	<w>-uʔ.onn-ij	NOM	SUPER.EL	Y	NOM_SUPER.EL	ali w-uʔ.onn-ij hon-ʔa-kːu.	PN[M][NOM] M-go.PST-PF village-SUPER-EL	‘Ali left the village.’		
85	75	riʃd.i-r	ERG	NOM	TR	TR	t’amsu-di riʃd.i-r itɬ’uɡu hoʔor.	carpet.OBL-ERG lock.PST-PROG all floor[INAN1][NOM]	‘The carpet covers the whole floor.’		
85	76	rok’or-ʔa <r>-iʁ.i	AFF	NOM	X	AFF_NOM	pat’imati-<r>o haqχ’u ʃu-r rok’or-ʔa r-iʁ.i	PN-AFF<INAN2> house[INAN2][NOM] good-INAN2 heart.OBL-SUPER INAN2-stop.PST(AOR)	‘Patimat remembers the house well.’		
85	77	kumeki dʒid.i	ERG	DAT	Y	ERG_DAT	pat’imati-di mariamu-ɬu kumeki dʒid.i.	PN-ERG PN.OBL-DAT help[INAN1][NOM] make.PST(AOR)	‘Patimat helped Mariam.’		
85	78	batʃ’ː.u-mado	AFF	NOM	X	AFF_NOM	he-ge-ʃːu-<b>o b-atʃ’ː.u-mado hin-gi-b-ul roʃol.	DEM-LL-OBL-AFF<INAN1> INAN1-PL\understand.PST-PROG DEM-LL-INAN1-PL[NOM] word[INAN1].PL[NOM]	‘He understands these words.’		
85	79	<b>-aχː.o-j	NOM	SUPER	Y	NOM_SUPER	piri b-aχː.o-j reʃu-ʔa.	lightning[INAN1][NOM] INAN1-end_up.PST-PF wood-SUPER	‘The lightning fell on the tree.’		
85	80	buqχ’.i-j	ERG	INST	Y	ERG_INST	ali-di buqχ’.i-j besuno-qχi.	PN-ERG cut.PST-PF knife.OBL-INST	‘Ali cut himself with a knife.’		
85	81	<b>-ats’.i	NOM	SUPER	Y	NOM_SUPER	stakan ustulu-ʔa b-ats’.i.	glass[INAN1][NOM] table.OBL-SUPER INAN1-stick.PST(AOR)	‘The glass got stuck to the table.’		
85	82	<w>-uʁ.an	NOM	SUPER.LAT	Y	NOM_SUPER.LAT	ali muħammadi-ʔo w-uʁ.an.	PN[M][NOM] PN-SUPER.LAT M-lose.PST(AOR)	‘Ali lost to Muhammad.’		
85	83	<j>-erʁ.ann-ij	NOM	CONT.EL	Y	NOM_CONT.EL	pat’imati pismo-tʃ’u-kːu j-erʁ.ann-ij.	PN[F][NOM] letter-CONT-EL F-rejoice.PST-PF	‘Patimat rejoiced over the letter.’		
85	84	j-edːo-mado	NOM	COM	Y	NOM_COM	pat’imati mariam=lojɡu j-edːo-mado.	PN[F][NOM] PN=COM F-talk.PST-PROG	‘Patimat is talking with Mariam.’		
85	85	dʒid.i	ERG	NOM	TR	TR	mariam-di woʃo dʒid.i.	PN-ERG boy[M][NOM] make.PST(AOR)	‘Mariam gave birth to a boy.’		
85	86	<r>-ukː-oɬ.i	ERG	NOM	TR	TR	pat’imati-di r-ukː-oɬ.i istakan.	PN.OBL-ERG INAN2-fall-CAUS.PST(AOR) glass[INAN2][NOM]	‘Patimat dropped a glass.’		
85	87	<w>-etʃ’uχa	NOM	INTER	Y	NOM_INTER	ali hon-tɬi w-etʃ’uχa.	PN[M][NOM] village-INTER M-big	‘Ali leads our village.’		
85	88	haluχ.onn-ij	NOM	INST	Y	NOM_INST	mariam haluχ.onn-ij pat’imati-qχi	PN[F][NOM] miss.PST-PF PN-INST	‘Mariam misses Patimat.’		
85	89	<w>-eχːudu <w>-uʔ.inn-e	NOM	CONT	Y	NOM_CONT	ali muħammadi-tʃ’u w-eχːudu w-uʔ.inn-e	PN[M][NOM] PN-CONT M-after M-go.NPST-HAB	‘Ali is going after/following Muhammad.’		
85	90	<w>-utɬ.i hitɬ’u	NOM	SUPER.EL	Y	NOM_SUPER.EL	ali w-utɬ.i k’otu-ʔa-kːu hitɬ’u.	PN[M][NOM] M-become.PST(AOR) horse-SUPER-EL down	‘Ali got off the horse.’		
85	91	antʃː.i-r	NOM	SUPER.LAT	Y	NOM_SUPER.LAT	pat’imat radiol-ʔo antʃː.i-r.	PN[F][NOM] radio-SUPER.LAT listen.PST-PROG	‘Patimat is listening to the radio.’		
85	92	antʃː.i	NOM	SUPER.LAT	Y	NOM_SUPER.LAT	ali baba-ʔo antʃː.i.	PN[M][NOM] Mum-SUPER.LAT listen.PST(AOR)	‘Ali obeys Mum.’		
85	93	anɬ.i-r	AFF	NOM	X	AFF_NOM	ali-<b>o anɬ.i-r ketʃ’ibaqχ’an.	PN-AFF<INAN1> hear.PST-PROG song+melody[INAN1][NOM]	‘Ali hears the music.’		
85	94	a<r>ʒ.a-j	NOM	COM	Y	NOM_COM	hunts’ːi ʃiw̃=lojɡu itɬu a<r>ʒ.a-j.	honey[INAN2][NOM] milk=COM all mix<INAN2>.PST-PF	‘The honey has blended with the milk.’		
85	95	haltʃ’.o-mado	NOM	SUPER.LAT	Y	NOM_SUPER.LAT	pat’imat hiroda-ʔo tʃ’.on / haltʃ’.o-mado.	PN[F][NOM] cloud.PL.OBL-SUPER.LAT stand_waiting.PST(AOR) look.PST-PROG	‘Patimat is looking at the clouds.’		
85	96	<r>-uχ.i	ERG	NOM	TR	TR	ali-di ɡurdo r-uχ.i.	PN-ERG shirt[INAN2][NOM] INAN2-take_off.PST(AOR)	‘Ali took off his shirt.’		
85	97	motɬ’i-tɬi ha-ʔ.o-r	AFF	NOM	X	AFF_NOM	pat’imati-<j>o motɬ’i-tɬi haʔ.o-r mariam .	PN-AFF<F> dream-INTER see.PST-PROG PN[F][NOM]	‘Patimat dreams of Mariam.’		
85	98	razi	NOM	SUPER	Y	NOM_SUPER	ali mariam-ʔa razi.	PN[M][NOM] PN-SUPER contented	‘Ali agreed with Mariam.’		
85	99	<j>-iχ.on	NOM	COM	Y	NOM_COM	pat’imati j-iχ.on mariam=lojɡu.	PN[F][NOM] F-be_offended.PST(AOR) Mariam=COM	‘Patimat quareled with Mariam.’		
85	100	baha	GEN	NOM	X	GEN_NOM	ho-no-b kuruʃku-tɬi baha oziru=ɡu som.	DEM-EMPH-INAN1 cup.OBL-GEN price[INAN1][NOM] thousand=CARD rouble	‘This cup costs a thousand roubles.’		
85	101	qχ’ʷaʁ.unn	ERG	SUPER.LAT	Y	ERG_SUPER.LAT	ali-di ʃːekibo-ʔo qχ’ʷaʁ.unn-ij.	PN-ERG bird.OBL-SUPER.LAT shoot.PST-PF	‘Ali shot at the bird.’		
85	102	t’inn.i	ERG	NOM	TR	TR	ali-di pisoki t’inn.i.	PN-ERG sugar[INAN1][NOM] pour.PST(AOR)	‘Ali poured sugar.’		
85	103	<r>-ot’-oɬ.i	ERG	NOM	TR	TR	ali-di r-ot’-oɬ.i rek’ulol.	PN-ERG INAN2-PL\come_lost-CAUS.PST(AOR) key[INAN2].PL[NOM]	‘Ali lost the keys.’		
85	104	ʁʷanqχ’.unn-ij	NOM	INTER	Y	NOM_INTER	reʃa ɬen-tɬi ʁʷanqχ’.unn-ij.	wood[INAN1][NOM] water-INTER sink.PST-PF	‘The log sank in the water.’		
85	105	dʒab.i	ERG	NOM	TR	TR	ali-di muħammadi dʒab.i.	PN-ERG PN[M][NOM] beat.PST(AOR)	‘Ali killed Muhammad.’		
85	106	dʒab.i	ERG	SUPER	Y	ERG_SUPER	ali-di dʒab.i muħammadi-ʔa.	PN-ERG beat.PST(AOR) PN-SUPER	‘Ali hit Muhammad.’		
85	107	ts’omm.i 	ERG	SUPER	Y	ERG_SUPER	χadiʒati-di ts’omm.i mariam-ʔa.	PN-ERG kiss.PST(AOR) PN-SUPER	‘Khadizhat kissed Mariam.’		
85	108	baʔ.i 	ERG	NOM	TR	TR	pat’imati-di baʔ.i interesni χutʃa.	PN-ERG read.PST(AOR) interesting book[INAN2][NOM]	‘Patimat has read an interesting book.’		
85	109	<b>-erʁ-oɬ.i-j	ERG	NOM	TR	TR	ali-di ts’ek’a b-erʁ-oɬ.i-j.	PN-ERG finger[INAN1][NOM] INAN1-move-CAUS.PST-PF	‘Ali moved his finger’		
85	110	<j>-etʃ’uχa-jd.i-r	ERG	NOM	TR	TR	pat’imati-di j-etʃ’uχa-jd.i-r mariam.	PN-ERG F-big-FCT.PST-PROG PN[F][NOM]	‘Patimat respects Mariam.’		
85	111	joʃ.u-mado-sːu	ERG	NOM	TR	TR	pat’imati hek’u qχ’ajʔa joʃ.u-mado-sːu.	PN[F][NOM] dirty dishes enjoy.PST-PROG-NEG	‘Patimat is disgusted by the dirty dishes.		
85	112	razi	NOM	SUPER	Y	NOM_SUPER	ali razi enʃu-w=ɡu woʃu-ʔa.	PN[M][NOM] contented RFL.OBL.M-M(GEN)=EMPH boy.OBL-SUPER	‘Ali is pleased with his son.’		
85	113	ruqχ’i <b>-ukː.u-j	NOM	SUPER.LAT	Y	NOM_SUPER.LAT	ali ruqχ’i b-ukː.u-j mariam-ʔo.	PN[M][NOM] love[INAN1][NOM] INAN1-fall.PST-PF PN-SUPER.LAT	‘Ali fell in love with Mariam.’		
85	114	buʒ.u-rado	NOM	SUPER.LAT	Y	NOM_SUPER.LAT	pat’imati buʒ.u-rado mariam-ʔo.	PN[F][NOM] believe.PST-PROG PN-SUPER.LAT	‘Patimat trusts Mariam.’		
85	115	rok’o uzad.i-r	GEN	SUPER.LAT	XY	GEN_SUPER.LAT	pat’imati-tɬi rok’o uzad.i-r en-tɬi=ɡu baba-ʔo.	PN-GEN heart[INAN2][NOM] pity.PST-PROG RFL-GEN=EMPH mum-SUPER.LAT	‘Patimat feels sorry for her Mum.’		
85	116	rok’o qχubi-ɬ.i-j	GEN	SUPER.LAT	XY	GEN_SUPER	muħammadi-r rok’o qχubi-ɬ.i-j ali-ʔa.	PN-INAN2(GEN) heart[INAN2][NOM] untidy-INCH.PST-PF PN-SUPER	‘Muhammad envies Ali.’		
85	117	sːim <b>-iʔ.o-j	GEN	SUPER.LAT	XY	GEN_SUPER.LAT	pat’imati-tɬi sːim b-iʔ.o-j mariam-ʔo.	PN-GEN anger[INAN1][NOM] INAN1-come.PST-PF PN-SUPER.LAT	‘Patimat is angry at Mariam.’		
85	118	tamaʃa-ɬ.i	NOM	SUPER	Y	NOM_SUPER	pat’imati tamaʃa-ɬ.i he-de-b padarkal-ʔa.	PN[F][NOM] amazement-INCH.PST(AOR) DEM-SL-INAN1 gift.OBL-SUPER	‘Patimat was surprised by this gift.’		
85	119	dʒiʔ.i-r	AFF	NOM	X	AFF_NOM	pat’imati-<b>o dʒiʔ.i-r tʃaj.	PN-AFF<INAN1> like.PST-PROG tea[INAN1][NOM]	‘Patimat likes tea.’		
85	120	t’aʔam <b>-iχ.i-r	ERG	CONT.EL	Y	ERG_CONT.EL	pat’imati-di tʃa-tʃ’u-kːu t’aʔam b-iχ.i-r.	PN-ERG tea.OBL-CONT-EL taste[INAN1][NOM] INAN1-take.PST-PROG	‘Patimat is enjoying hot tea.’		
85	121	qχ’oroqχ’.o-j	DAT	NOM	X	DAT_NOM	pat’imati-j qχ’oroqχ’.o-j ts’iw telefon.	PN-DAT want.PST-PF new telephone[INAN1][NOM]	‘Patimat wants a new cellphone.’		
85	122	<j>-iχ.onn-ij	NOM	SUPER	Y	NOM_SUPER	pat’imati j-iχ.onn-ij mariam-ʔa	PN[F][NOM] F-be_offended.PST-PF PN-SUPER	‘Patimat is cross with Mariam		
85	123	<w>-uχ.onn-ij	NOM	SUPER	Y	NOM_SUPER	muħammad w-uχ.onn-ij ali-ʔa.	PN[M][NOM] M-be_offended.PST-PF PN-SUPER	‘Muhammad was offended by Ali.’		
85	124	waswasil-ʔo <j>-ukː-oɬ.i	ERG	NOM	TR	TR	pat’imati-di waswasil-ʔo j-ukː-oɬ.i mariam.	PN-ERG doubt.OBL-SUPER.LAT F-fall-CAUS.PST(AOR) PN[F][NOM]	‘Patimat upset Mariam.’		
85	125	<w>-uχː.i-j	NOM	CONT.EL	Y	NOM_CONT.EL	ali w-uχ.i-j ho-no-b gorodil-tʃ’u-kːu.	PN[M][NOM] M-take_off.PST-PF DEM-EMPH-INAN1 city-CONT-EL	‘Ali was astounded by that city.’		
85	126	ħaqχ’ir-ijd.i-r	ERG	NOM	TR	TR	pat’imati-di ħaqχ’ir-ijd.i-r mariam.	PN-ERG humiliated-FCT.PST-PROG PN[F][NOM]	‘Patimat despises Mariam.’		
85	127	sːim <b>-iʔ.o-j	GEN	SUPER.LAT	XY	GEN_SUPER.LAT	ali-b sːim b-iʔ.o-j enʃu-w=ɡu woʃu-ʔo.	PN-INAN1(GEN) anger[INAN1][NOM] INAN1-come.PST-PF RFL.OBL.M-M(GEN)=EMPH boy.OBL-SUPER.LAT	‘Ali was upset by his son.’		
85	128	*	*	*	*		*	*	*		
85	129	rok’or-di <j>-iχ.i-j	AFF	NOM	X	AFF_NOM	pat’imati-<j>o mariam rok’or-di j-iχ.i-j.	PN-AFF<F> PN[F][NOM] heart.OBL-ERG F-take.PST-PF	‘Patimat is fond of Mariam.’		
85	130	sːuloʔ.o-rado	NOM	CONT.EL	Y	NOM_CONT.EL	ali sːuloʔ.o-rado enʃu-b=ɡu wotʃo-ɬir-tʃ’u-kːu.	PN[M][NOM] be_embarrassed.PST-PROG RFL.OBL.M-INAN1(GEN)=EMPH short-ABST-CONT-EL	‘Ali is ashamed by his height (lit. ‘by his shortness’).’		
83	1	jeʃ	*	*	*		le Pinχas jeʃ koev roʃ	to Pinchas there.is[PRS] pain head	‘P. has a headache.’		
83	2	jeʃ	le	SBJ	X	le_SBJ	le Pinχas jeʃ ʃapaat	to Pinchas there.is[PRS] flu	‘P. has flu.’		
83	3	mefaχed	SBJ	mi	Y	SBJ_mi	Pinχas mefaχed me ha kelev	Pinchas be.afraid[SG.M] from DEF dog	‘P. is afraid of the dog.’		
83	4	zarak	SBJ	DO	TR	TR	Pinχas zarak even	Pinchas throw[PST.3SG.M] stone	‘P. threw a stone.’		
83	5	*	*	*	*		aχʃav jeʃ le Pinχas maspik kesef	now there.is[PRS] to Pinchas enough money	‘Now P. has enough money.’		
83	6	dome	SBJ	le	Y	SBJ_le	Pinχas dome le Menaχem	Pinchas similar to Menachem	‘P. resembles M.’		
83	7	maamin 	SBJ	le	Y	SBJ_le	Pinχas maamin le Menaχem	Pinchas believe[PTCP.SG.M] to Menachem	‘P. believes M.’		
83	8	lakaχ	SBJ	DO	TR	TR	Pinχas lakaχ sefer	Pinchas take[PST.3SG.M] book	‘P. took a book.’		
83	9	ro-e	SBJ	DO	TR	TR	Pinχas ro-e bajt	Pinchas see[PTCP]-SG.M house	‘P. sees a house.’		
83	10	maʃpia	SBJ	al	Y	SBJ_al	gil maʃpia al ha zikaron	age influence[PTCP.SG.M] on DEF memory	‘Age influences memory.’		
83	11	nitkal 	SBJ	be	Y	SBJ_be	Pinχas nitkal be Menaχem	Pinchas bump.into[PST.3SG.M] in Menachem	‘P. encountered M.’		
83	12	niχnas	SBJ	el	Y	SBJ_el	Pinχas niχnas el ha bajt	Pinchas enter[PST.3SG.M] towards DEF house	‘P. entered the house.’		
83	13	nitsaχ	SBJ	DO	TR	TR	Pinχas nitsaχ et Menaχem	Pinchas beat[PST.3SG.M] DO Menachem	‘P. beat M.’		
83	14	jatsa	SBJ	mi	Y	SBJ_mi	Pinχas jatsa me ha bajt	Pinchas exit[PST.3SG.M] from DEF house	‘P. went out of the house.’		
83	15	movil	SBJ	DO	TR	TR	Pinχas movil et ha para	Pinchas drive[PTCP.SG.M] DO DEF cow	‘P. is driving the cow.’		
83	16	kofef	SBJ	DO	TR	TR	Pinχas kofef et ha anaf	Pinchas bend[PST.3SG.M] DO DEF branch	‘P. bent the branch.’		
83	17	amar	SBJ	le	Y	SBJ_le	Pinχas amar le Menaχem	Pinchas say[PST.3SG.M] to Menachem	‘P. told Menachem.’		
83	18	maχzik	SBJ	DO	TR	TR	Pinχas maχzik sefer	Pinchas hold[PTCP.SG.M] book	‘P. is holding a book.’		
83	19	higia	SBJ	el	Y	SBJ_el	Pinχas higia el Mirjam	Pinchas reach[PST.3SG.M] towards Miriam	‘P. caught up with M.’		
83	20	χalav	SBJ	DO	TR	TR	Pinχas χalav et ha para	Pinchas milk[PST.3SG.M] DO DEF cow	‘P. milked the cow.’		
83	21	higia 	SBJ	el	Y	SBJ_el	Pinχas higia el ha gada	Pinchas reach[PST.3SG.M] towards DEF bank	‘P. reached the bank.’		
83	22	naga 	SBJ	be	Y	SBJ_be	Pinχas naga ba kir	Pinchas touch[PST.3SG.M] in+DEF wall	‘P. touched the wall.’		
83	23	rav	SBJ	im	Y	SBJ_im	Pinχas rav im Menaχem	Pinchas fight[PTCP.SG.M] with Menachem	‘P. is fighting with M.’		
83	24	χaver	*	*	*		Pinχas χaver ʃel Menaχem	Pinchas friend POSS Menachem	‘P. is friends with M.’		
83	25	hoʃev	SBJ	al	Y	SBJ_al	Pinχas hoʃev al Menaχem	Pinchas think[PTCP.SG.M] on Menachem	‘P. is thinking about M.’		
83	26	aχal	SBJ	DO	TR	TR	Pinχas aχal tapuaχ	Pinchas eat[PST.3SG.M] apple	‘P. ate an apple.’		
83	27	tigen	SBJ	DO	TR	TR	Pinχas tigen et ha dag	Pinchas fry[PST.3SG.M] DO DEF fish	‘P. fried the fish.’		
83	28	meχake	SBJ	le	Y	SBJ_le	Pinχas meχake le Menaχem	Pinchas wait[PTCP.SG.M] to Menachem	‘P. is waiting for M.’		
83	29	ʃaχaχ	SBJ	DO	TR	TR	Pinχas ʃaχaχ et ha dereχ ha aχeret	Pinchas forget[PST.3SG.M] DO DEF road DEF other	‘P. forgot (about) the other road.’		
83	30	taluj 	SBJ	be	Y	SBJ_be	zikaron taluj be gil	memory dependent in age	‘Memory depends on age.’		
83	31	hitkaʃer	SBJ	le	Y	SBJ_le	Pinχas hitkaʃer le Menaχem	Pinchas call[PST.3SG.M] to Menachem	‘P. called M.’		
83	32	hikir	SBJ	DO	TR	TR	Pinχas hikir et Menaχem lifnej ʃaa	Pinchas know[PST.3SG.M] DO Menachem ago year	‘P. got to know M. a year ago.’		
83	33	makir	SBJ	DO	TR	TR	Pinχas makir et Menaχem	Pinchas know[PTCP.SG.M] DO Menachem	‘P. knows M.’		
83	34	menagen	SBJ	be	Y	SBJ_be	Pinχas menagen ba gitara	Pinchas play[PTCP.SG.M] in+DEF guitar	‘P. is playing the guitar.’		
83	35	mitχamek	SBJ	mi	Y	SBJ_mi	Pinχas mitχamek mi Menaχem	Pinchas avoid[PTCP.SG.M] from Menachem	‘P. avoids M.’		
83	36	heχin	SBJ	DO	TR	TR	Pinχas heχin malkodet aχbar-im	Pinchas prepare[PST.3SG.M] trap mouse-PL	‘P. made a mousetrap.’		
83	37	maknit	SBJ	DO	TR	TR	Pinχas maknit et Menaχem	Pinchas tease[PTCP.SG.M] DO Menachem	‘P. is making fun of M.’		
83	38	jeʃ 	le	SBJ	X	le_SBJ	jeʃ le Pinχas meχona	there.is[PRS] to Pinchas car	‘P. has a car.’		
83	39	meχapes	SBJ	DO	TR	TR	Pinχas meχapes et ha maftex-ot ʃel-o	Pinchas search[PTCP.SG.M] DO DEF key-PL POSS-3SG.M	‘P. is looking for his keys.’		
83	40	tsava	SBJ	DO	TR	TR	Pinχas tsava et ha gader	Pinchas paint[PST.3SG.M] DO DEF fence	‘P. painted the fence.’		
83	41	naʃaχ 	SBJ	DO	TR	TR	kelev naʃaχ et Pinχas	dog bite[PST.3SG.M] DO Pinchas	‘A dog bit P.’		
83	42	ibed	SBJ	DO	TR	TR	Pinχas ibed et ha bajt ʃel-o	Pinchas lose[PST.3SG.M] DO DEF house POSS-3SG.M	‘P. lost hist house.’		
83	43	menas-e litpos	SBJ	DO	TR	TR	Pinχas menas-e litpos et ha χatul	Pinchas try[PTCP]-SG.M catch[INF] DO DEF cat	‘P. is trying to catch the cat.’		
83	44	ʃavar	SBJ	DO	TR	TR	Pinχas ʃavar makel	Pinchas break[PST.3SG.M] stick	‘P. broke a stick.’		
83	45	maχmi	SBJ	le	Y	SBJ_le	Pinχas maχmi le Menaχem	Pinchas flatter[PTCP.SG.M] to Menachem	‘P. is flattering M.’		
83	46	ohev	SBJ	DO	TR	TR	Pinχas ohev et Menaχem	Pinchas love[PTCP.SG.M] DO Menachem	‘P. loves M.’		
83	47	menofef	SBJ	be	Y	SBJ_be	Pinχas menofef be mitpaχat	Pinchas wave[PTCP.SG.M] in handkerchief	‘P. is waving a handkerchief.’		
83	48	χolem	SBJ	al	Y	SBJ_al	Pinχas χolem al meχonit χadaʃa	Pinchas dream[PTCP.SG.M] on car new	‘P. is dreaming of a new car.’		
83	49	ʃataf	SBJ	DO	TR	TR	Pinχas ʃataf et ha kos	Pinchas wash[PST.3SG.M] DO DEF cup	‘P. washed the cup.’		
83	50	lavaʃ	SBJ	DO	TR	TR	Pinχas lavaʃ et miχnasa-v	Pinchas put.on[PST.3SG.M] DO trousers-POSS.3SG.M.PL	‘P. put on his trousers.’		
83	51	kor-im 	le	DO	X	le_DO	le kli ha z-e kor-im matspen	to instrument DEF this[SG]-M call-PL compass	‘This instrument is called a compass.’		
83	52	heenish	SBJ	DO	TR	TR	Pinχas heenish et ha ben ʃel-o	Pinchas punish[PST.3SG.M] DO DEF son POSS-3SG.M	‘P. punished his son.’		
83	53	takaf	SBJ	DO	TR	TR	dav takaf dajag	bear attack[PST.3SG.M] fisherman	‘A bear attacked a fisherman.’		
83	54	hitmale	SBJ	be	Y	SBJ_be	ha dli hitmale be maim	DEF bucket fill[PST.3SG.M] in water	‘The bucket filled with water.’		
83	55	matsa	SBJ	DO	TR	TR	Pinχas matsa et ha mafteχot ʃel-o	Pinchas find[PST.3SG.M] DO DEF key-PL POSS-3SG.M	‘P. found his keys.’		
83	56	χaser	le	SBJ	X	le_SBJ	χaser le Pinχas juro eχad	is.lacking to Pinchas euro one	‘P. is one euro short.’		
83	57	sone	SBJ	DO	TR	TR	Pinχas sone et Menaχem	Pinchas hate[PTCP.SG.M] DO Menachem	‘P. hates M.’		
83	58	ohev	SBJ	DO	TR	TR	Pinχas ohev et ha χultsa ha z-o	Pinchas love[PTCP.SG.M] DO DEF shirt DEF this[SG]-F	‘P. likes this shirt.’		
83	59	tsariχ	SBJ	DO	TR	TR	Pinχas tsariχ kesef	Pinchas need[PTCP.SG.M] money	‘P. needs money.’		
83	60	makif-ot	SBJ	DO	TR	TR	χom-ot makif-ot et ha ir	wall-PL surround[PTCP]-PL.F DO DEF city	‘Walls surround the city.’		
83	61	niʃar-u	le	SBJ	X	le_SBJ	niʃar-u le Pinχas asara juro	be.left-3PL to Pinchas ten[M] euro	‘P. has ten euro left.’		
83	62	ana	SBJ	le	Y	SBJ_le	Pinχas ana le more	Pinchas respond[PST.3SG.M] to teacher	‘P. answered the teacher.’		
83	63	pataχ	SBJ	DO	TR	TR	Pinχas pataχ paχit	Pinχas open[PST.3SG.M] can	‘P. opened a can.’		
83	64	ʃone	SBJ	mi	Y	SBJ_mi	lo ha χultsa ʃel-i ʃone mi ʃel-χa	no DEF shirt POSS-1SG different from POSS-2SG.M	‘No, my shirt is different from yours.’		
83	65	piger	SBJ	axarej	Y	SBJ_axarej	Pinχas piger aχarej Menaχem	Pinchas lag[PST.3SG.M] after Menachem	‘P. fell behind M.’		
83	66	χoreʃ	SBJ	DO	TR	TR	Pinχas χoreʃ et ha sade	Pinchas plow[PTCP.SG.M] DO DEF field	‘P. is ploughing the field.’		
83	67	meriχ-ot	SBJ	mi	Y	SBJ_mi	ha jad-ajim ʃel-i meriχ-ot mi delek	DEF hand-PL POSS-1SG smell[PTCP]-PL.F from gasoline	‘My hands smell of gasoline.’		
83	68	χatsa	SBJ	DO	TR	TR	Pinχas χatsa et ha reχov	Pinchas cross[PST.3SG.M] DO DEF street	‘P. crossed the road.’		
83	69	ʃar	SBJ	DO	TR	TR	Pinχas ʃar ʃir jafe	Pinchas sing[PST.3SG.M] song beautiful	‘P. sang a beautiful song.’		
83	70	katav	SBJ	DO	TR	TR	Pinχas katav miχtav	Pinchas write[PST.3SG.M] letter	‘P. wrote a letter.’		
83	71	ʃata	SBJ	DO	TR	TR	Pinχas ʃata et ha χalav	Pinchas drink[PST.3SG.M] DO DEF milk	‘P. drank the milk.’		
83	72	hitiχ	SBJ	DO	TR	TR	Pinχas hitiχ pisa-t oferet	Pinchas melt[PST.3SG.M] piece-CS lead	‘P. melted a piece of lead.’		
83	73	matim-a	SBJ	le	Y	SBJ_le	ha χagora ha z-o matim-a le simla ʃel-i	DEF belt DEF this[SG]-F fit[PTCP.SG]-F to dress POSS-1SG	‘This belt goes well with my dress.’		
83	74	azav	SBJ	DO	TR	TR	Pinχas azav et ir uledat-o	Pinchas leave[PST.3SG.M] DO city birth-POSS.3SG.M	‘P. left his native city.’		
83	75	meχas-e	SBJ	DO	TR	TR	ha ʃatiaχ meχas-e et kol ha ritspa	DEF carptet cover[PTCP.SG]-M DO whole DEF floor	‘The carpet covers the whole floor.’		
83	76	zoχer	SBJ	DO	TR	TR	Pinχas zoχer tov et ha bajt	Pinchas remember[PTCP.SG.M] good DO DEF house	‘P. remembers the house well.’		
83	77	azar	SBJ	le	Y	SBJ_le	Pinχas azar le Menaχem	Pinchas help[PST.3SG.M] to Menachem	‘P. helped M.’		
83	78	mevin	SBJ	DO	TR	TR	Pinχas mevin tsarfatit	Pinchas understand[PTCP.SG.M] French	‘P. understands French.’		
83	79	paga	SBJ	be	Y	SBJ_be	barak paga ba bajt	lightning hit[PST.3SG.M] in+DEF house	‘Lightning struck the house.’		
83	80	χataχ et atsm-o	SBJ	im	Y	SBJ_im	Pinχas χataχ et atsm-o im taar	Pinchas cut[PST.3SG.M] DO self-3SG.M with razor	‘P. cut himself with a razor.’		
83	81	nidbak-a	SBJ	le	Y	SBJ_le	ha kos nidbak-a le ʃulχan	DEF glass get.stuck[PST]-3SG.F to table	‘The glass got stuck to the table.’		
83	82	ifsid	SBJ	le	Y	SBJ_le	Pinχas ifsid le Menaχem	Pinchas lose[PST.3SG.M] to Menachem	‘P. lost to M.’		
83	83	samaχ	SBJ	legabej	Y	SBJ_legabej	Pinχas samaχ legabej ha miχtav	Pinchas be.glad[PST.3SG.M] about DEF letter	‘P. was glad about the letter.’		
83	84	medaber	SBJ	im	Y	SBJ_im	Pinχas medaber im Menaχem	Pinchas speak[PTCP.SG.M] with Menachem	‘P. is speaking with M.’		
83	85	jald-a	SBJ	DO	TR	TR	Mirjam jald-a ben	Miriam give.birth[PST]-3SG.F son	‘M. gave birth to a son.’		
83	86	hipil	SBJ	DO	TR	TR	Pinχas hipil et ha kos	Pinchas drop[PST.3SG.M] DO DEF glass	‘P. dropped the glass.’		
83	87	menahel	SBJ	DO	TR	TR	Pinχas menahel et ha ir ʃel-anu	Pinchas manage[PTCP.SG.M] DO DEF city POSS-1PL	‘P. runs our town.’		
83	88	mitgagea	SBJ	le	Y	SBJ_le	Pinχas mitgagea le Menaχem	Pinchas miss[PTCP.SG.M] to Menachem	‘P. misses M.’		
83	89	okev	SBJ	axarej	Y	SBJ_axarej	Pinχas okev aχarej Menaχem	Pinchas follow[PTCP.SG.M] after Menachem	‘P. follows M.’		
83	90	jarad	SBJ	mi	Y	SBJ_mi	Pinχas jarad me ha sus	Pinchas descend[PST.3SG.M] from DEF horse	‘P. got down from the horse.’		
83	91	makʃiv	SBJ	le	Y	SBJ_le	Pinχas makʃiv le radio	Pinchas listen[PTCP.SG.M] to radio	‘P. is listening to radio.’		
83	92	makʃiv 	SBJ	le	Y	SBJ_le	Pinχas tamid makʃiv le ima ʃel-o	Pinchas always listen[PTCP.SG.M] to mother POSS-3SG.M	‘P. always listens to his mother.’		
83	93	shomea	SBJ	DO	TR	TR	Pinχas shomea et ha muzika	Pinchas hear[PTCP.SG.M] DO DEF music	‘P. hears the music.’		
83	94	hitarbev	SBJ	im	Y	SBJ_im	ha dvaʃ hitarbev im ha χalav	DEF honey get.mixed[PST.3SG.M] with DEF milk	‘The honey got mixed with milk.’		
83	95	mistakel	SBJ	al	Y	SBJ_al	Pinχas mistakel al ha anan-im	Pinchas look[PTCP.SG.M] on DEF cloud-PL	‘P. is looking at the clouds.’		
83	96	paʃat	SBJ	DO	TR	TR	Pinχas paʃat et ha χultsa ʃel-o	Pinchas take.off[PST.3SG.M] DO DEF shirt POSS-3SG.M	‘P. took off his shirt.’		
83	97	χolem-et	SBJ	al	Y	SBJ_al	Mirjam χolem-et al Pinχas	Miriam dream[PTCP]-SG.F on Pinchas	‘M. dreams about P.’		
83	98	hiskim	SBJ	im	Y	SBJ_im	Pinχas hiskim im Menaχem	Pinchas agree[PST.3SG.M] with Menachem	‘P. agreed with M.’		
83	99	rav	SBJ	im	Y	SBJ_im	Pinχas rav im Menaχem	Pinchas quarrel[PST.3SG.M] with Menachem	‘P. had a quarrel with M.’		
83	100	ol-a	SBJ	DO	TR	TR	ha kos ha z-ot ol-a juro	DEF cup DEF this[SG]-F cost[PTCP]-SG.F euro	‘This cup costs 1 euro.’		
83	101	jara	SBJ	be	Y	SBJ_be	Pinχas jara be tsipor	Pinchas shoot[PST.3SG.M] in bird	‘P. shot at the bird.’		
83	102	ʃafaχ	SBJ	DO	TR	TR	Pinχas ʃafaχ et ha sukar	Pinchas pour[PST.3SG.M] DO DEF sugar	‘P. poured the sugar.’		
83	103	ibed	SBJ	DO	TR	TR	Pinχas ibed et ha mafteχ-ot ʃel-o	Pinchas lose[PST.3SG.M] DO DEF key-PL POSS-3SG.M	‘P. lost his keys.’		
83	104	ʃaka	SBJ	be	Y	SBJ_be	bul ha ets ʃaka ba maim	log1 DEF log2 sink[PST.3SG.M] in+DEF water	‘The log sank in the water.’		
83	105	harag	SBJ	DO	TR	TR	Pinχas harag et Menaχem	Pinchas kill[PST.3SG.M] DO Menachem	‘P. killed M.’		
83	106	hika	SBJ	DO	TR	TR	Pinχas hika et Menaχem	Pinchas hit[PST.3SG.M] DO Menachem	‘P. hit M.’		
83	107	niʃek	SBJ	DO	TR	TR	Pinχas niʃek et Menaχem	Pinchas kiss[PST.3SG.M] DO Menachem	‘P. kissed M.’		
83	108	kara	SBJ	DO	TR	TR	Pinχas kara sefer meanjen	Pinchas read[PST.3SG.M] book interesting	‘P. read an interesting book.’		
83	109	heevir	SBJ	DO	TR	TR	Pinχas heevir et etsba-o	Pinchas move[PST.3SG.M] DO finger-POSS.3SG.M	‘P. moved his finger.’		
83	110	meχabed	SBJ	DO	TR	TR	Pinχas meχabed et Menaχem	Pinchas respect[PTCP.SG.M] DO Menachem	‘P. respects M.’		
83	111	nirta	SBJ	mi	Y	SBJ_mi	Pinxas nirta mi kelim meluxlaxim	Pinchas be.afraid[PTCP.SG.M] from dish-PL dirty-PL	‘P. is squeamish about dirty dishes.’		
83	112	merutse	SBJ	mi	Y	SBJ_mi	Pinχas merutse me ha ben ʃel-o	Pinchas satisfied from DEF son POSS-3SG.M	‘P. is satisfied with his son.’		
83	113	hitahev	SBJ	be	Y	SBJ_be	Pinχas hitahev be Menaχem	Pinchas fall.in.love[PST.3SG.M] in Menachem	‘P. fell in love with M.’		
83	114	someχ	SBJ	al	Y	SBJ_al	Pinχas someχ al Menaχem	Pinchas trust[PTCP.SG.M] on Menachem	‘P. trusts M.’		
83	115	meraxem	SBJ	al	Y	SBJ_al	Pinχas meraxem al im-o	Pinchas sympathise[PTCP.SG.M] on mother-POSS.3SG.M	‘P. sympathises with his mother.’		
83	116	mekan-e	SBJ	be	Y	SBJ_be	Pinχas mekan-e be Menaχem	Pinchas envy[PTCP]-SG.M im Menachem	‘P. envies M.’		
83	117	koes	SBJ	al	Y	SBJ_al	Pinχas koes al Menaχem	Pinchas be.angry[PTCP.SG.M] on Menachem	‘P. is angry with M.’		
83	118	hufta	SBJ	mi	Y	SBJ_mi	Pinχas hufta me ha matana ha z-o	Pinchas be.surprised[PST.3SG.M] from DEF gift DEF this-SG.F	‘P. was surprised at this gift.’		
83	119	ohev	SBJ	DO	TR	TR	Pinχas ohev te	Pinchas love[PTCP.SG.M] tea	‘P. loves tea.’		
83	120	nehene	SBJ	mi	Y	SBJ_mi	Pinχas nehene me ha te ha χam	Pinchas enjoy[PTCP.SG.M] from DEF tea DEF hot	‘P. enjoys hot tea.’		
83	121	rots-e	SBJ	DO	TR	TR	Pinχas rots-e telefon najad χadaʃ	Pinchas want[PTCP.SG]-M phone mobile new	‘P. wants a new mobile phone.’		
83	122	noter tina	SBJ	le	Y	SBJ_le	Pinχas noter tina le Menaχem	Pinchas guard[PTCP.SG.M] malice to Menachem	‘P. holds a grudge against M.’		
83	123	nifga	SBJ	mi	Y	SBJ_mi	Pinχas nifga mi Menaχem	Pinchas be.offended[PST.3SG.M] from Menachem	‘P. took offence at M.’		
83	124	hirgiz 	SBJ	DO	TR	TR	Pinχas hirgiz meod et Mirjam	Pinchas upset[PST.3SG.M] much Miriam	‘P. greatly upset M.’		
83	125	hitraʃem	SBJ	mi	Y	SBJ_mi	Pinχas hitraʃem me ha ir ha z-o	Pinchas be.impressed[PST.3SG.M] from DEF town DEF this-SG.F	‘P. was impressed by this town.’		
83	126	metaev	SBJ	DO	TR	TR	Pinχas metaev et Menaχem	Pinchas despise[PTCP.SG.M] DO Menachem	‘P. despises M.’		
83	127	hitatsben	SBJ	al	Y	SBJ_al	Pinχas hitatsben al ha ben ʃel-o	Pinchas become.annoyed[PST.3SG.M] on DEF son POSS-3SG.M	‘P. got upset with his son.’		
83	128	mitatsben	SBJ	al	Y	SBJ_al	Pinχas mitatsben al ha bat ʃel-o	Pinχas become.annoyed[PTCP.SG.M] on DEF daughter POSS-3SG.M	‘P. is getting irritated with his daughter.’		
83	129	meχabev	SBJ	DO	TR	TR	Pinχas meχabev et Menaχem	Pinchas like[PTCP.SG.M] DO Menachem	‘P. is fond of M.’		
83	130	mitbajeʃ	SBJ	be	Y	SBJ_be	Pinχas mitbajeʃ ba gova ʃel-o	Pinchas be.ashamed[PTCP.SG.M] in+DEF height POSS-3SG.M	‘P. is embarrased about his height.’		
