predicate_no	predicate_label_en	argument_frame_en	predicate_label_ru	argument_frame_ru	Russian	Arabic_Standard	Guarani_Paraguayan	Estonian	Tsakhur	Tuvinian	Finnish_Ingrian	Basque	French	German	Bagvalal	Japanese	Lithuanian	Kalmyk	Khmer	Bashkir	Latvian	Guro	Loma	Lezgian	Greek_Modern	Greek_Ancient	Albanian	Spanish	Irish	Armenian_Eastern	Azerbaijani	Romani_Kalderash	English	Chinese_Mandarin	Polish	Dutch	Italian	Komi_Zyrian	Ossetic	Serbian	Chukchi	Norwegian_Bokmal	Romanian	Ingush	Ukrainian	Komi_Permyak	Erzya	Georgian	Nanai	Enets_Forest	Mandinka	Joola_Fonyi	Soninke	Turkish	Yakut	Buriat	Hungarian	Moksha	Evenki	Udihe	Bengali	Gascon	Mari_Western	Abaza	Slovenian	Latin	Czech	Icelandic	Belarusian	Finnish	Macedonian	Rutul	Adyghe	Goo	Chuvash	Udmurt	Croatian	Bulgarian	Udi	Assyrian_Neo_Aramaic	Kazakh	Chechen	Dargwa_Icari	Saami_Skolt	Aghul	Saami_Southern	Hebrew_Modern	Swedish	Andi_Zilo
1	feel_pain	X (have) Yache	болеть-1	у X-а (болеть) Y	uGEN_NOM			ADESS_NOM		GEN_NOM	AD_PART		SBJ_a	DAT_NOM	GEN_NOM	TOP_NOM	DAT_ACC	GEN_NOM	TR	GEN_NOM	DAT_NOM	POSS_HEAD	POSS_HEAD		GEN_NOM	TR	DAT_NOM	DAT_SBJ			GEN_NOM	ACC_NOM			ACC_NOM		a_SBJ	GEN_NOM	DAT_NOM	ACC_NOM	POSS_ABS		ACC_NOM		uGEN_NOM	GEN_NOM	GEN_NOM	DAT_NOM	POSS_NOM	TOP_NOM	POSS.OBJ_SBJ	ati_SBJ	POSS.OBJ_SBJ	GEN_NOM	POSS_NOM	GEN_NOM	DAT_NOM	GEN_NOM	POSS_NOM	POSS_NOM	GEN_NOM	SBJ_de	GEN_NOM	IO_ABS	ACC_NOM	DAT_NOM	ACC_NOM	DAT_iDAT	DAT_NOM	ADE_PART	ACC_SBJ	ATR_NOM	AdnominalPossessor_ABS	DO_SBJ	GEN_NOM	GEN_NOM	ACC_NOM	DO_SBJ	GEN_ABS	BARE_SBJ	GEN_NOM	GEN_ABS	GEN_ABS		GEN_ABS			SBJ_i	GEN_NOM
2	have#illness#	X (have) Y	болеть-2	X (болеть) Y-ом	NOM_INS	NOM_biGEN					NOM_AD	TR	TR	NOM_anDAT	NOM_ERG	TOP_ZERO	NOM_INS		TR	NOM_menan	NOM_arACC	ba_SBJ	ma_SBJ	SBESS_ABS		TR			ar_SBJ	NOM_NOM	NOM_NOM	LOC_NOM	TR	TR	NOM_naACC			NOM_INS	NOM_ABL			TR	TR		NOM_naACC	NOM_INS	NOM_INE	DAT_NOM	NOM_INS	NOM_LOC	OBJ_SBJ	OBJ_SBJ	OBJ_SBJ	GEN_NOM	NOM_INS	NOM_DAT	DAT_NOM	NOM_IN/marxta	NOM_INSTR	NOM_INS	GEN_NOM	TR	NOM_dono		TR	NOM_ABL	TR	NOM_medACC	NOM_naACC	ADE_NOM	SBJ_od	DAT_NOM	POSS_ABS	bha_SBJ	NOM_INS	NOM_INS	TR	SBJ_ot	ABS_ABS	SBJ_bi	NOM_INS	GEN_ABS	ABS_GEN	LOC_NOM	DAT_ABS		le_SBJ	TR	NOM_COM
3	be_afraid	X (be afraid) of Y	бояться	X (бояться) Y-а	NOM_GEN	NOM_minGEN	ACT_gui	NOM_PART	NOM_SUPEL	NOM_ABL	NOM_PART	ERG_DAT	SBJ_de	NOM_vorDAT	NOM_CONTESS		NOM_GEN	NOM_ABL	TR	NOM_ABL	NOM_noGEN	SBJ_lee	SBJ_ba	DAT_POEL	TR	TR	NOM_ngaNOM	TR	ar_roimh	NOM_ABL	NOM_ABL	NOM_ABL	SBJ_of	TR	NOM_GEN	SBJ_van	SBJ_di	NOM_ELA	NOM_ABL	NOM_GEN	ABS_ALL	SBJ_for	DAT_de	NOM_LAT	NOM_GEN	NOM_ABL	NOM_ABL	DAT_GEN	NOM_INS	TR	SBJ_la	TR	SBJ_yi	NOM_ABL	NOM_ABL	NOM_ABL	NOM_ABL	NOM_ABL/ezda	NOM_ABL	NOM_INS	TR	SBJ_a	NOM_gec	ABS_MAL	NOM_GEN	TR	NOM_GEN	NOM_vidACC	NOM_GEN	NOM_PART	SBJ_od	DAT_SUP.EL	ABS_LOC	SBJ_gon	NOM_ABL	NOM_ABL	NOM_GEN	SBJ_ot	ERG_ABL	SBJ_men	NOM_ABL	ABS_LAT	ABS_ANTE.ELAT	NOM_LOC	DAT_POST.ELAT	NOM_ELA	SBJ_mi	SBJ_for	NOM_CONT
4	throw	X (throw) Y	бросить	X (бросить) Y(-а)	TR	TR	TR		TR	TR	TR	TR	TR	TR	TR	TR	TR	TR	TR	TR	TR	TR	TR	TR	TR	TR	TR	TR	TR	TR	TR	TR	TR	TR	TR	TR	TR	TR	TR	TR	TR	TR	TR	TR	TR	TR	TR	TR	TR	TR	TR	TR	TR	TR	TR	TR	TR	TR	TR	TR	TR	TR	TR	TR	TR	TR	NOM_INSTR	NOM_DAT	TR	TR	TR	TR	TR	TR	TR	TR	TR	TR	TR	TR	TR	TR	TR	TR	TR	TR	TR	TR	TR
5	have_enough	X (have enough) Y	быть достаточно	X-у (хватать) Y-а	DAT_GEN	liGEN_NOM	INACT_pe	ALL_NOM	DAT_NOM	GEN_NOM	ALL_PART			NOM_mitDAT		TOP_NOM	DAT_GEN	DAT_NOM		DAT_NOM	DAT_GEN	POSS&DO_SBJ		DAT_ABS	GEN_NOM	DAT_NOM	DAT_NOM	DAT_SBJ		DAT_NOM	GEN_NOM	LOC_NOM			DAT_GEN		a_SBJ	DAT_NOM	NOM_ABL		POSS_ABS			DAT_NOM	DAT_GEN	DAT_NOM	GEN_NOM	DAT_NOM	DAT_NOM(NO.AGR)	TOP_NOM	SBJ_ma	OBJ_SBJ	OBJ_SBJ	DAT_NOM	DAT_NOM	DAT_NOM	DAT_NOM	GEN_NOM	POSS_NOM	NOM_INS	GEN_NOM	TR	DAT_NOM	BEN_ABS		DAT_NOM			DAT_GEN	ADE_PART		DAT_NOM	BEN_ABS		OBJ_NOM	GEN_NOM		DAT(na)_SBJ	GEN_ABS	ka_SBJ	DAT_NOM	DAT_ABS	SUPLAT_ABS	LOC_NOM	DAT_ABS	TR			DAT_NOM
6	resemble	X (resemble) Y	быть похожим	X (быть похожим) на Y(-а)	NOM_naACC	TR		NOM_COM		NOM_COM			SBJ_a	NOM_DAT	NOM_AFF	NOM_DAT	NOM_iACC	TR	SBJ_nung	NOM_DAT	TR	SBJ_ba	SBJ_ga	ABS_DAT	NOM_meACC	NOM_DAT	NOM_DAT	SBJ_DAT	SBJ_le	NOM_DAT	NOM_DAT	NOM_pe	TR	TR	NOM_doGEN	SBJ_op	SBJ_a	NOM_vylo		NOM_naACC	ABS_ALL	SBJ_pa	NOM_cu	NOM_LAT	NOM_naACC	NOM_SUPLAT	NOM_jonLAT	NOM_DAT	NOM_mat	TR	SBJ_ko	SBJ_di		NOM_DAT	NOM_DAT	NOM_DAT	NOM_SUB	NOM_lanks	TR	NOM_DIR		SBJ_a	NOM_gan	ABS_IO	NOM_DAT	TR	NOM_DAT	NOM_DAT	NOM_naACC	NOM_GEN	SBJ_na	NOM_CONT	ABS_DAT	SBJ_bha	NOM_NOM	NOM_DAT	NOM_DAT	SBJ_na	ABS_DAT	SBJ_al	NOM_DAT	ABS_LAT	ABS_SUPLAT		ABS_DAT	NOM_GEN	SBJ_le	TR	NOM_AFF
7	believe	X (believe) Y	верить	X (верить)Y-у	NOM_DAT	TR	ACT_rehe			NOM_DAT	NOM_ALL	ERG_DAT	TR	NOM_DAT	NOM_SUPESS	TR	NOM_INS	NOM_DAT	SBJ_lo	NOM_DAT	NOM_DAT	SBJ_la	SBJ_ya	ABS_POESS	TR	NOM_DAT	NOM_DAT	SBJ_DAT	SBJ_i	NOM_DAT	NOM_DAT	NOM_DAT	TR	TR	NOM_DAT	TR	SBJ_a	NOM_DAT	NOM_SUPER	NOM_DAT	ABS_ALL	SBJ_pa		NOM_LAT	NOM_DAT	NOM_DAT	NOM_DAT	DAT_GEN	TR	NOM_DAT	SBJ_la	TR	SBJ_yi	NOM_DAT	NOM_DAT	NOM_DAT	NOM_DAT	NOM_DAT	TR	TR	TR	TR	NOM_DAT	ERG_BEN	NOM_DAT	NOM_DAT	NOM_DAT	NOM_DAT	NOM_DAT	NOM_PART	SBJ_DAT(na)	NOM_SUP	ERG_BEN	SBJ_lie	TR	NOM_DAT	NOM_DAT	SBJ_DAT(na)	ABS_DAT	SBJ_al	NOM_DAT	ABS_LAT	ABS_SUPLAT	TR	ABS_POST	TR	SBJ_le	TR	NOM_SUPER.LAT
8	take	X (take) Y	взять	X (брать) Y(-а)	TR	TR	TR	TR	TR	TR	TR	TR	TR	TR	TR	TR	TR	TR	TR	TR	TR	TR	TR	TR	TR	TR	TR	TR	TR	TR	TR	TR	TR	TR	TR	TR	TR	TR	TR	TR	TR	TR	TR	TR	TR	TR	TR	TR	TR	TR	TR	TR	TR	TR	TR	TR	TR	TR	TR	TR	TR	TR	TR	TR	TR	TR	TR	TR	TR	TR	TR	TR	TR	TR	TR	TR	TR	TR	TR	TR	TR	TR	TR	TR	TR	TR	TR	TR	TR
9	see	X (see) Y	видеть	X (видеть) Y(-а)	TR	TR	TR	NOM_PART	AFF_NOM	TR	TR	TR	TR	TR	AFF_NOM	DAT_NOM	TR	TR	TR	TR	TR	TR	TR	DAT_ABS	TR	TR	TR	TR	TR	TR	TR	TR	TR	TR	TR	TR	TR	TR	TR	TR	TR	TR	TR	DAT_NOM	TR	TR	TR	TR	TR	TR	TR	TR	TR	TR	TR	TR	TR	TR	TR	TR	TR	TR	TR	TR	TR	TR	TR	TR	TR	TR	TR	DAT_NOM	TR	TR	TR	TR	TR	TR	TR	TR	TR	DAT_ABS	TR	TR	DAT_ABS	TR	TR	TR	AFF_NOM
10	influence	X (influence) Y	влиять	X (влиять) на Y(-а)	NOM_naACC	NOM_alaaGEN		NOM_PART		NOM_DAT		ERG_DAT	SBJ_sur	TR		NOM_DAT	TR			NOM_DAT	TR			ERG_DAT	TR	NOM_eisACC	NOM_neACC	SBJ_en	aige_ar	NOM_DATvra	NOM_DAT	NOM_pe	TR	TR	NOM_naACC	SBJ_op	TR	NOM_vylo	NOM_SUPER	NOM_naACC	TR	SBJ_pa	TR	ERG_DAT	NOM_naACC	NOM_SUPLAT	NOM_langILL	ERG_DAT.SUPERESS						TR	NOM_DAT	NOM_DAT	TR				NOM_GENopar	TR	TR		NOM_naACC	TR	TR	NOM_aACC	NOM_naACC	NOM_ILL	SBJ_vrz					NOM_NOMvyle	NOM_naACC	SBJ_DAT(na)	TR		NOM_DAT		ERG_SUPLAT	NOM_ILL			SBJ_al	TR	
11	encounter	X (encounter) Y	встречаться	X (встречаться) с Y-ом	NOM_sINS	NOM_biGEN	TR	NOM_COM	ADALL_NOM	NOM_COM	NOM_GENkans	TR	TR	NOM_DAT	AFF_NOM	NOM_DAT	NOM_suINS	NOM_COM	SBJ_nung	TR	NOM_arACC	SBJ_ya	TR	ABS_SRES	NOM_meACC	NOM_DAT	NOM_meACC	SBJ_con	SBJ_le	TR	NOM_ile	NOM_INS	TR	TR	TR	TR	TR	NOM_COM	NOM_SUPER	TR	ABS_COM	SBJ_pa	NOM_cu	NOM_LAT	NOM_zINS	NOM_COM	NOM_marto	NOM_DAT	NOM_INS	TR		SBJ_di		NOM_DAT	TR	NOM_COM	NOM_INS	NOM_marxta	NOM_COM	NOM_INS	GEN_GENsange	TR	TR	ABS_LOCp	TR	NOM_inACC	NOM_sINSTR	NOM_aACC	TR	TR	SBJ_so	DAT_NOM	ABS_LOC.FRONT	SBJ_ta	NOM_INS	NOM_INS	TR	TR	ABS_ABL	SBJ_men	NOM_INS	DAT_ABS	SUPLAT_ABS	NOM_COM	DAT_ABS	NOM_COM	SBJ_be	TR	AFF_NOM
12	enter	X (enter) Y	входить 	X (входить) в Y (дом)	NOM_vACC	TR	ACT_pe(loc)	NOM_IL	NOM_ALL	NOM_ALL1		ABS_IN	SBJ_dans	NOM_inACC		NOM_ALL	NOM_iACC	NOM_DAT	SBJ_knong	NOM_DAT	NOM_LOC	SBJ_ji		ABS_DAT	NOM_seACC	NOM_eisACC	NOM_neACC	SBJ_en	SBJ_isteach	NOM_NOM	NOM_DAT	NOM_ando	TR	TR	NOM_doGEN	TR	SBJ_in	NOM_ILL	NOM_ALL	NOM_uACC	ABS_ALL	SBJ_inn.i	NOM_in		NOM_doGEN	NOM_ILL	NOM_ILL	ERG_DAT.INESS	NOM_DIR	NOM_DAT	SBJ_kono	SBJ_di	SBJ_yi	NOM_DAT	NOM_DAT	NOM_DAT	NOM_ILL	NOM_LAT/DAT	NOM_LOC	NOM_DIR	NOM_LOC/INS	SBJ_dens	NOM_ILL	ABS_NONARG	NOM_vACC	TR	NOM_doGEN	NOM_iACC	NOM_uACC	NOM_ILL	SBJ_vo	NOM_IN	ABS_LOC.CONT	SBJ_gi	TR	NOM_ILL	NOM_uACC	SBJ_v	ABS_DAT	SBJ_gu	NOM_DAT	ABS_DATchu	ABS_ILL	NOM_ILL	ABS_DAT	NOM_GENsijse	SBJ_el	SBJ_i	NOM_ILLAT
13	win	X (beat) Y	выиграть	X (выигрывать) у Y-а	NOM_uGEN			TR	NOM_SUPALL	TR	NOM_ABL	ERG_DAT			NOM_CONTESS	NOM_DAT	NOM_priesACC	TR	TR	TR	TR	SBJ_le		ERG_ADEL	TR	TR	NOM_ndajABL	TR	SBJ_ar	TR	TR	NOM_ABL	TR	TR	NOM_zINS	SBJ_van	SBJ_con	TR	TR	TR	ABS_ALL	SBJ_over	TR		NOM_uGEN	TR	TR	ERG_DAT	TR	NOM_ABL	TR	TR	TR	TR	TR	TR	TR	TR	TR	TR	TR		NOM_gec	ABS_IO	TR	TR	NOM_nadINSTR	TR	NOM_uGEN	TR	TR	ERG_SUP	ABS_LOC.TOP	TR	TR	TR	TR	TR	TR	SBJ_ka	NOM_ABL	TR	ABS_ELAT	TR	ERG_SUPER	NOM_GENbijjelen	TR	TR	NOM_SUPER.LAT
14	go_out	X (go out) of Y	выходить	X (выходить) из Y-а	NOM_izGEN	NOM_minGEN	ACT_gui	NOM_EL	NOM_INEL	NOM_ABL		ABS_ABL	SBJ_de	NOM_ausDAT		NOM_ABL	NOM_isGEN	NOM_ABL	SBJ_pi	NOM_ABL	NOM_noGEN	SBJ_ji		ABS_INEL	NOM_apoACC	NOM_eksGEN	NOM_ngaNOM	SBJ_de	SBJ_as	NOM_ABL	NOM_ABL	NOM_anda	SBJ_of	TR	NOM_zGEN	TR	SBJ_da	NOM_ELA	NOM_ABL	NOM_izGEN	ABS_ABL	SBJ_ut.av	NOM_din		NOM_zGEN	NOM_ELA	NOM_ELA	NOM_INS.EL	NOM_ABL	NOM_ABL	SBJ_kono	SBJ_di	SBJ_yi	NOM_ABL	NOM_ABL	NOM_soohoo	NOM_ELA	NOM_EL/ezda	NOM_ABL	NOM_ABL	NOM_theke	SBJ_de	NOM_gec	ABS_LOCzele	NOM_izGEN	NOM_exABL	NOM_zGEN	NOM_urDAT	NOM_zGEN	NOM_ELA	SBJ_od	NOM_IN.EL	ABS_LOC.CONT		NOM_ABL	NOM_ELA	NOM_izGEN	SBJ_ot	ABS_ABL	SBJ_men	NOM_ABL	ABS_chura	ABS_ELAT	NOM_LOC	ABS_(IN)ELAT	NOM_GENsistie	SBJ_mi	SBJ_ur	NOM_IN.EL
15	drive	X (drive) Y	гнать	X (гнать) Y-а	TR	TR	TR	TR	TR	TR	TR	TR	TR	TR	TR	TR	TR	TR	TR	TR	TR	SBJ_ya	TR	TR	TR	TR	TR	TR	TR	TR	TR	TR	TR	TR	TR	TR	TR	TR	TR	TR	TR	TR	TR	TR	TR	TR	TR	NOM_DAT	TR	TR	TR	TR	TR	TR	TR	TR	TR	TR	TR	TR	TR	TR	TR	TR	TR	TR	TR	TR	TR	NOM_PART	TR	TR	TR		TR	TR	TR	TR	TR	TR	TR	TR	TR	TR	TR	TR	TR	TR	TR
16	bend	X (bend) Y	гнуть	X (гнуть) Y	TR	TR		TR	TR	TR	TR	TR	TR	TR	TR	TR	TR	TR	TR	TR	TR	TR	TR	TR	TR	TR	TR	TR	TR	TR	TR	TR	TR	TR	TR	TR	TR	TR	TR	TR	TR	TR	TR	TR	TR	TR	TR	TR	TR	TR	TR	TR	TR	TR	TR	TR	TR	TR	TR	TR	TR	TR	TR	TR	TR	TR	TR	TR	TR	TR	TR	TR	TR	TR	TR	TR	TR	TR	TR	TR	TR	TR	TR	TR	TR	TR	TR	TR	TR
17	tell	X (tell) Y	говорить	X (говорить) Y-у	NOM_DAT	NOM_liGEN		NOM_ALL		NOM_DAT	NOM_ALL	ERG_DAT	SBJ_a	NOM_zuDAT	ERG_SUPLAT	NOM_DAT	NOM_DAT	NOM_DAT		NOM_DAT	TR	SBJ_le	SBJ_ma	ERG_DAT	NOM_seACC	NOM_prosACC	NOM_DAT	SBJ_DAT	SBJ_le	NOM_DAT	NOM_DAT	NOM_DAT	TR	SBJ_dui	NOM_DAT	SBJ_tegen	SBJ_a	NOM_DAT	NOM_DAT	NOM_DAT	TR	SBJ_til	NOM_DAT	ERG_ALL	NOM_DAT	NOM_DAT	NOM_DAT	ERG_DAT	NOM_DIR	NOM_DAT	SBJ_ye	TR	SBJ_da	NOM_DAT	NOM_DAT	TR	NOM_DAT	NOM_DAT	NOM_DAT	NOM_DIR	TR	SBJ_a	NOM_DAT	ERG_IO	NOM_DAT	NOM_DAT	NOM_DAT	NOM_vidACC	NOM_DAT	NOM_ALL	SBJ_DAT(na)	ERG_APUD	ERG_DAT	SBJ_lan	TR	NOM_DAT	NOM_DAT	SBJ_DAT(na)	ERG_DAT	SBJ_ka	NOM_DAT	ERG_ALL	ERG_ILL	NOM_ILL	ERG_DAT	NOM_ILL	SBJ_le	SBJ_till	ERG_INST
18	hold	X (hold)Y	держать	X (держать) Y(-а)	TR	TR	TR	NOM_PART	TR	TR	TR	TR	TR	TR	TR	TR	TR	TR	TR	TR	TR		TR	TR	TR	TR	TR	TR	aige_SBJ	TR	TR	TR	TR	TR	TR	TR	TR	TR	NOM_SUPER	TR	TR	TR	TR	TR	TR	TR	TR	DAT_NOM	TR	TR		TR		TR	TR	TR	TR	TR	TR	TR	TR	TR	TR	IO_ABS	TR	TR	TR	NOM_aACC	TR	NOM_PART	TR	TR	TR	ta_SBJ	TR	TR	TR	TR	GEN_ABS	TR	TR	ALL_ABS	TR	TR		TR	TR	TR	CONT_NOM
19	catch_up	X (catch up) with Y	догнать	X (догонять) Y(-а)	TR	NOM_biGEN	TR	NOM_ALL		NOM_DAT	TR	TR	TR	TR	TR	NOM_DAT	TR	TR			TR	SBJ_ba	TR	ERG_ADESS	TR	TR	TR	TR	SBJ_le	NOM_DAT	NOM_DAT	TR	SBJ_with	TR	TR	TR	TR	TR	TR	TR	TR	TR	TR	NOM_DAT	TR	TR	TR	NOM_DAT	TR	TR	TR	TR	SBJ_yi	NOM_DAT	TR	TR	TR	TR	TR	TR		TR	TR	ABS_LOCxe	TR	TR	TR	NOM_DAT	TR	TR	TR	NOM_POST	ABS_LOC.BEHIND.LOC.AFTER	TR	TR	TR	TR	TR	ABL_DAT	SBJ_ka	TR	ABS_DAT	ABS_POST	TR	ABS_POST	TR	SBJ_el	TR	NOM_CONT
20	milk	X (milk) Y	доить	X (доить) Y-а	TR	TR	TR	NOM_PART	TR	TR	TR	TR	TR	TR	TR		TR	TR	TR	TR	TR		TR	TR	TR	TR	TR	TR	TR	TR	TR	TR	TR	SBJ_gei	TR	TR	TR	TR	TR	TR	TR	TR	TR	TR	TR	TR	TR	TR	TR	TR	TR	TR	TR	TR	TR	TR	TR	TR	TR	TR		SBJ_de	TR	TR	TR	TR	TR	TR	TR	TR	TR	TR	TR		TR	TR	TR	TR	TR	TR	TR	TR	TR	TR	TR	TR	TR	TR	TR
21	reach	X (reach) Y	достичь	X (достичь) Y-а (берега) 	NOM_GEN	TR	TR	NOM_ALL		NOM_ALL1	NOM_ILL	ABS_ALL	TR	TR	NOM_SUPLAT	NOM_DAT	TR	NOM_DAT	TR		TR	SBJ_la		ABS_ADESS	NOM_seACC	TR	TR	TR	TR	NOM_DAT	NOM_DAT	NOM_LOC	TR	TR	NOM_doGEN	TR	SBJ_a	NOM_TERM	NOM_ALL	NOM_doGEN	ABS_ALL	SBJ_til	NOM_la		NOM_GEN	NOM_donodz	NOM_DAT	ERG_DAT	TR	NOM_DAT	SBJ_to	SBJ_di	SBJ_yi	NOM_DAT	NOM_DAT	NOM_DAT	TR	NOM_ILL/DAT	NOM_LOC	NOM_LOC	NOM_LOC/INS	TR	NOM_ILL	ABS_BEN	TR	NOM_adACC	NOM_naACC	NOM_DAT	NOM_GEN	TR	SBJ_do	NOM_SUP	ABS_LOC.TO	SBJ_lie	TR	NOM_TERM	NOM_doGEN	TR	ABL_DAT	SBJ_al	NOM_DAT	ABS_ALL	ABS_POST	NOM_ILL	ABS_POST.LAT	TR	SBJ_el	SBJ_till	NOM_SUPER.LAT
22	touch	X (touch) Y	дотронуться	X (дотрагиваться) до Y-а	NOM_doGEN	TR	TR	NOM_PART	NOM_CONTESS	NOM_LOC	NOM_PART	TR	TR	TR	NOM_CONTESS	NOM_DAT	TR	TR	TR	NOM_DAT	NOM_DAT	SBJ_ba	SBJ_ba	ERG_SBESS	TR	NOM_GEN	TR	TR	TR	NOM_DAT	NOM_DAT	TR	TR	TR	NOM_GEN	TR	TR	NOM_ILL	NOM_ALL	TR	TR	SBJ_pa	TR	NOM_LAT	NOM_doGEN	NOM_berdo	TR	ERG_DAT	TR	NOM_GENdez	TR	TR	SBJ_yi	NOM_DAT	TR	TR	NOM_ALL	NOM_ILL/DAT	TR	NOM_LOC	TR	TR	TR	ABS_LOCxe	NOM_GEN	TR	NOM_GEN	NOM_vidACC	NOM_daGEN	NOM_ILL	SBJ_do	NOM_CONT	ABS_LOC.TO	SBJ_bha	TR	NOM_NOMbordy	TR	SBJ_do	TR	SBJ_bi	NOM_DAT	ERG_LAT	ABS_POST	NOM_ILL		NOM_sontereGEN	SBJ_be	TR	ERG_SUPER
23	fight	X (fight) with Y	драться	X (драться) с Y-ом	NOM_sINS	NOM_maaGEN	ACT_ndive	NOM_COM	NOM_COM	NOM_COM	NOM_GENkans	ABS_kontra	SBJ_contre	NOM_mitDAT	NOM_INTERESS	NOM_CONTR	NOM_suINS		SBJ_ciemuey	NOM_menan	NOM_arACC	SBJ_va	SBJ_ga	ABS_POESSgalaz	NOM_meACC	NOM_DAT	NOM_meACC		SBJ_le	NOM_DAThet	NOM_ile	NOM_INS	SBJ_with	SBJ_he	NOM_zINS	SBJ_met	SBJ_con	NOM_COM	NOM_COM	NOM_sINS	ABS_COM	SBJ_med	NOM_cu		NOM_zINS	NOM_COM	NOM_marto	ERG_DAT.SOC	NOM_INS	NOM_LOC		SBJ_di		NOM_COM	NOM_COM	NOM_COM	NOM_INS	NOM_marxta	NOM_COM	NOM_INS	NOM_GENsange	SBJ_contra	NOM_dono	ABS_SOC	NOM_zINS	NOM_cumABL	NOM_sINSTR	NOM_vidACC	NOM_zINS	NOM_GENkanssa	SBJ_so	NOM_COM	ABS_DAT		NOM_INS	NOM_INS	NOM_sINS	SBJ_s	ERG_ABL	SBJ_men	NOM_INS	ABS_LAT	ABS_ILL.COMIT	NOM_COM	ABS_COMIT	NOM_COM	SBJ_im	SBJ_med	NOM_COM
24	be_friends	X (be friends) with Y	дружить	X (дружить) с Y-ом	NOM_sINS	TR		NOM_COM		NOM_COM	NOM_GENkans		SBJ_avec	NOM_mitDAT		NOM_CONTR	NOM_suINS	NOM_COM	SBJ_nung	NOM_menan	NOM_arACC			ERG_POESSgalaz		NOM_DAT	NOM_meACC			NOM_DAThet	NOM_ile	NOM_INS	SBJ_with	SBJ_he	NOM_zINS	SBJ_met		NOM_COM	NOM_COM	NOM_sINS	ABS_COM	SBJ_med	NOM_cu		NOM_zINS	NOM_COM	NOM_marto	ERG_DAT.SOC	NOM_INS			SBJ_di		NOM_COM	NOM_COM	NOM_COM	NOM_INS	NOM_marxta	TR	NOM_INS	NOM_GENsange		NOM_dono	IO_ABS	NOM_zINS	NOM_DAT	NOM_sINSTR	NOM_GEN	NOM_zINS		SBJ_so	NOM_COM	POSS_ABS		NOM_INS	NOM_INS	NOM_sINS	SBJ_s	ERG_ABL	SBJ_men	NOM_INS							SBJ_med	NOM_COM
25	think	X (think) about Y	думать	X (думать) об Y-е (об отце)	NOM_oLOC	NOM_biGEN		NOM_EL	NOM_SUPEL	NOM_GENdugajynda	NOM_EL	ERG_INS	SBJ_a	NOM_anACC	NOM_LOCLAT	TR	NOM_apieACC	NOM_GENtuskar	SBJ_dal	NOM_turahenda	NOM_parACC		SBJ_su	ERG_SBEL	TR	TR	NOM_perACC	SBJ_en	SBJ_ar	NOM_DATmasin	TR	NOM_pa	SBJ_about	TR	NOM_oLOC	SBJ_aan	SBJ_a	NOM_jylys	NOM_SUPER	NOM_naACC	ABS_ALL	SBJ_pa	NOM_la	ERG_LAT	NOM_proACC	NOM_ponda	NOM_ABL	ERG_DAT.SUPERESS	TR	TR		TR	SBJ_yi	TR	NOM_tuhunan 	TR	NOM_SUB	NOM_kolga	NOM_PROL	TR	NOM_niye	SBJ_a	NOM_gisan	ABS_BEN	NOM_naACC	TR	NOM_oLOC	NOM_umACC	NOM_praACC	NOM_PART	SBJ_na	ERG_CONT.EL	ABS_DAT	SBJ_wunka	NOM_cinABL	NOM_NOMsjarys	NOM_naACC	SBJ_za	ERG_ABL	SBJ_bar	NOM_turaly	DAT_ABS	ABS_SUPLAT.CONT	TR	ERG_SUBCONT.ELAT	NOM_ILL	SBJ_al	SBJ_pa	NOM_SUPER.LAT
26	eat	X (eat) Y	есть	X (есть) Y	TR	TR	TR	TR	TR	TR	TR	TR	TR	TR		TR	TR	TR	TR	TR	TR	TR	TR	TR	TR	TR	TR	TR	TR	TR	TR	TR	TR	TR	TR	TR	TR	TR	TR	TR	TR	TR	TR	TR	TR	TR	TR	TR	TR	TR	TR	TR	TR	TR	TR	TR	TR	TR	TR	TR	TR	TR	TR	TR	TR	TR	TR	TR	TR	TR	TR	TR	TR	TR	TR	TR	TR	TR	TR	TR	TR	TR	TR	TR	TR	TR	TR	TR	TR
27	fry	X (fry) Y	жарить	X (жарить) Y	TR	TR		TR		TR	TR	TR	TR	TR	TR	TR	TR	TR	TR	TR	TR	TR	TR	TR	TR	TR	TR	TR	TR	TR	TR	TR	TR	TR	TR	TR	TR	TR	TR	TR	TR	TR	TR	TR	TR	TR	TR	TR	TR	TR	TR	TR	TR	TR	TR	TR	TR	TR	TR	TR	TR	TR	TR	TR	TR	TR	TR	TR	TR	TR	TR	TR	TR	TR	TR	TR	TR	TR	TR	TR	TR	TR	TR	TR	TR	TR	TR	TR	TR
28	wait	X (wait) for Y	ждать	X (ждать) Y-а (сына)	TR	TR	TR	NOM_PART	TR	TR	NOM_PART	ERG_DAT	TR	NOM_aufACC		TR	NOM_GEN	TR	TR	TR	TR	TR	TR	TR	TR	TR	TR	TR	SBJ_le	TR	TR	TR	SBJ_for	TR	NOM_naACC	SBJ_op	TR	TR	NOM_ALL	TR	TR	SBJ_pa	TR	NOM_ALL	TR	TR	TR	NOM_DAT	TR	TR	TR	TR	TR	TR	TR	TR	NOM_SUB	TR	TR	TR	NOM_GENjanya	TR	TR	ABS_BEN	TR	TR	NOM_naACC	NOM_eftirDAT	TR	NOM_PART	TR	TR	ABS_DAT	SBJ_gon	TR	TR	TR	TR	ERG_GEN	SBJ_al	TR	ABS_ALL	ABS_POST	TR	ABS_POST.LAT	TR	SBJ_le	SBJ_pa	NOM_SUPER.LAT
29	forget	X (forget) (about) Y	забывать	X (забывать) об Y-е	NOM_oLOC	TR	INACT_gui	TR	ADEL_NOM	NOM_GENdugajynda	TR	DAT_ABS	TR	TR	AFF_NOM	TR	NOM_apieACC	NOM_GENtuskar	TR	TR	NOM_parACC		SBJ_ma		TR	NOM_GEN	NOM_perACC	DAT_SBJ	SBJ_ar	NOM_DATmasin	TR	NOM_pa	SBJ_about	TR	NOM_oLOC	TR	SBJ_di	NOM_jylys	TR	NOM_naACC	TR	TR	TR	DAT_NOM	NOM_proACC	TR	TR	DAT_NOM	TR	TR	SBJ_la	TR	SBJ_yi	TR	NOM_tuhunan 	TR	NOM_DEL	TR		TR	NOM_GENkatha		NOM_gisan	LOCq_ABS	NOM_naACC	NOM_GEN	NOM_naACC	NOM_DAT	NOM_praACC	TR	SBJ_za	DAT_NOM	LOC_ABS	zuu_ka	NOM_cinABL	NOM_NOMsjarys	NOM_GEN	SBJ_za	TR	TR	TR	DAT_ABS	SUPLAT_SUPLAT.CONT	TR	DAT_ABS	TR	TR	TR	AFF_NOM
30	depend	X (depend) on Y	зависеть	X (зависеть) от Y-а	NOM_otGEN	NOM_biGEN	ACT_rehe	NOM_EL		NOM_ABL	NOM_EL	ABS_baitan	SBJ_de	NOM_vonDAT		NOM_DAT	NOM_nuoGEN	NOM_ABL	SBJ_lo	NOM_DAT	NOM_noGEN	SBJ_ba		ABS_SREL	NOM_apoACC	NOM_GEN	NOM_ngaNOM	SBJ_de	SBJ_ar	NOM_ABL	NOM_ABL	NOM_ABL	SBJ_on	TR	NOM_odGEN	SBJ_van	SBJ_da		NOM_COM	NOM_odGEN		SBJ_av	NOM_de		NOM_vidGEN	NOM_EGR	NOM_ejELA	NOM_DAT.SUPERESS	NOM_ABL	NOM_ABL	SBJ_la			NOM_DAT	NOM_ABL	NOM_COM	NOM_ABL	NOM_EL/ezda			NOM_GENopar	SBJ_de	NOM_dono		NOM_odGEN	NOM_exABL	NOM_naLOC	NOM_DAT	NOM_adGEN	NOM_ELA	SBJ_od		ABS_DAT		NOM_ABL	NOM_ABL	NOM_oLOC	SBJ_ot	ABS_ABL		NOM_DAT	ABS_ALL	ABS_ILL.ELAT				SBJ_be	SBJ_pa	
31	call	X (call) Y	звать	X (звать) Y-а	TR	TR	TR	TR	TR	TR	TR	ERG_DAT	TR	TR	TR	TR	TR	TR		TR	TR	TR	TR	ERG_DAT	TR	TR	TR	TR	SBJ_ar	TR	TR	TR	TR	TR	TR	TR	TR	TR	NOM_ALL	TR	TR	SBJ_pa	TR	TR	TR	TR	TR	ERG_DAT	TR	TR	TR	TR	TR	TR	TR	TR	TR	TR	TR	TR	TR	TR	TR	TR	TR	TR	NOM_naACC	NOM_iACC	TR	NOM_PART	TR	ERG_POST	ABS_DAT	TR	TR	TR	TR	TR	TR	TR	TR	ABS_ALL	ERG_ILL	TR	ERG_DAT	TR	SBJ_le	TR	TR
32	get_to_know	X (get to know) Y	знакомиться	X (знакомиться) с Y-ом	NOM_sINS	NOM_alaaGEN		NOM_COM	NOM_COM	NOM_COM	NOM_GENkans	TR		TR		NOM_CONTR	NOM_suINS	NOM_COM		NOM_menan	NOM_arACC	TR	TR	ABS_POESSgalaz	NOM_meACC		NOM_meACC	TR	SBJ_le	NOM_DAThet	NOM_ile	NOM_INS		SBJ_he	NOM_zINS	SBJ_met		NOM_COM	NOM_COM	TR	TR	SBJ_med	NOM_cu	DAT_NOM	NOM_zINS	NOM_COM	NOM_marto	TR	NOM_INS		TR	TR	TR	NOM_COM	NOM_COM	NOM_COM	TR	NOM_marxta	TR		NOM_GENsange		NOM_dono	ABS_SOC	NOM_zINS	TR	NOM_sINSTR	NOM_DAT	NOM_zINS	NOM_ILL	SBJ_so	NOM_COM	ABS_BEN	TR	NOM_INS	NOM_INS	NOM_sINS	SBJ_s	ABS_ABL	TR	NOM_INS	DAT_ABS	ABS_ILL.COMIT	NOM_COM	ABS_COMIT	TR	TR	TR	AFF_NOM
33	know	X (know) Y	знать 	X (знать) Y-а	TR	TR	TR	NOM_PART	TR	TR	TR	TR	TR	TR	AFF_NOM	TR	TR	TR	TR	TR	TR	TR	TR	DAT_ABS	TR	TR	TR	TR	aige_ar	TR	TR	TR	TR	TR	TR	TR	TR	TR	TR	TR	TR	TR	TR	DAT_NOM	TR	TR	TR	NOM_DAT	TR	TR	TR	TR	TR	TR	TR	TR	TR	TR	TR	TR	TR	TR	TR	TR	TR	TR	TR	TR	TR	TR	TR	DAT_NOM	TR	TR	TR	TR	TR	TR	TR	TR	TR	TR	SUPLAT_ABS	TR	DAT_ABS	TR	TR	TR	AFF_NOM
34	play#instrument#	X (play) Y	играть	X (играть) на Y-е	NOM_naINS	NOM_alaaGEN		NOM_PART	TR	NOM_LOC	NOM_AD	TR	SBJ_de	NOM_aufDAT		TR	NOM_INS	TR	TR	NOM_LOC	TR	TR	TR	TR	TR		NOM_DAT	TR	TR	NOM_NOM	TR	NOM_pe	TR	TR	NOM_naLOC	TR	TR	NOM_vylyn	NOM_SUPER	TR		SBJ_pa	NOM_la	TR	NOM_naLOC	NOM_INS	NOM_INE	ERG_DAT.SUPERESS	NOM_INS	NOM_LOC	TR	TR	TR	TR	NOM_DAT	NOM_deere		NOM_IN/marxta	NOM_INSTR	NOM_INS	TR	SBJ_de	TR	ABS_IO	TR	NOM_ABL	NOM_naACC	NOM_aACC	NOM_naLOC	NOM_PART	SBJ_na	TR	ABS_DAT	TR	NOM_cinLOC	NOM_INS	TR	SBJ_na	TR	SBJ_al	NOM_LOC	TR	TR	NOM_COM	TR	TR	SBJ_be	TR	TR
35	avoid	X (avoid) Y	избегать	X (избегать) Y-а	NOM_GEN	TR		NOM_PART		NOM_ABL	NOM_EL	ERG_DAT	TR	TR		TR	NOM_GEN	NOM_ABL		NOM_ABL	NOM_noGEN	SBJ_ba	TR	ERG_SBEL	TR	TR	NOM_GEN	TR	TR	NOM_ABL	NOM_ABL	NOM_ABL	TR	TR	NOM_GEN	TR	TR	NOM_ELA	NOM_ABL	TR	TR	TR	TR	NOM_LAT	NOM_GEN	NOM_shogja	NOM_ejELA	ERG_DAT	TR		TR	TR	TR	NOM_ABL	TR	NOM_COM	TR	NOM_ABL/ezda		NOM_ABL	TR	TR	NOM_gec		NOM_DAT	TR	NOM_DAT	TR	NOM_GEN	NOM_PART	TR	NOM_SUP.EL	ERG_LOC		NOM_ABL	NOM_ABL	TR	TR	ABS_ABL	SBJ_men	NOM_ABL	ERG_LAT	ABS_ANTE.ELAT	TR		TR	SBJ_mi	TR	NOM_CONT.EL
36	make	X (make) Y	изготовить	X (изготовить) Y	TR	TR	TR	TR	TR	TR	TR	TR	TR	TR	TR	TR	TR	TR	TR	TR	TR	TR	TR	TR	TR	TR	TR	TR	TR	TR	TR	TR	TR	TR	TR	TR	TR	TR	TR	TR	TR	TR	TR	TR	TR	TR	TR	TR	TR	TR	TR	TR	TR	TR	TR	TR	TR	TR	TR	TR	TR	TR	TR	TR	TR	TR	TR		TR	TR	TR	TR	TR	TR	TR	TR	TR	TR	TR	TR	TR	TR	TR	TR	TR	TR	TR	TR	TR
37	make_fun	X (make fun) of Y	издеваться	X (издеваться) над Y-ом	NOM_nadINS	NOM_alaaGEN		NOM_PART		TR	TR	ABS_INS	SBJ_de	NOM_uberDAT		TR	NOM_isGEN	TR		NOM_ABL	NOM_parACC		SBJ_zu	ERG_SBEL	TR	TR	NOM_meACC	SBJ_de	TR	TR	NOM_ile		SBJ_of	TR	NOM_zGEN	TR	TR	NOM_vylyn	NOM_ABL	TR	ABS_ALL	TR	NOM_de	ERG_DAT	NOM_zGEN	NOM_vylyn	NOM_langINE	NOM_DAT	TR	TR	SBJ_la	TR	SBJ_yi	NOM_COM	TR	TR	TR	NOM_lanksa	TR	TR	NOM_niye	SBJ_de	TR	TR	NOM_izGEN	TR	NOM_DAT	NOM_adDAT	NOM_zGEN	NOM_PART	SBJ_nad	ERG_SUP	TR	SBJ_bha	NOM_ABL		NOM_DAT	SBJ_nad	ERG_DAT	SBJ_bi	TR	TR	ABS_SUPLATchi	TR	ERG_SUBCONT.ELAT	TR	TR	SBJ_av	NOM_SUPER
38	have	X (have) Y	иметь	X (иметь) Y	uGEN_NOM	indaGEN_NOM	TR			LOC_NOM	AD_NOM	TR	TR	TR		TR	TR	NOM_ASSOC	TR	GEN_NOM	DAT_NOM	lee_SBJ	ya_SBJ	POESS_ABS	TR	TR	TR	TR	aige_SBJ	TR	GEN_NOM	LOC_NOM	TR	TR	TR	TR	TR	GEN_NOM	ALL_NOM	TR	POSS_ABS	TR	TR	GEN_NOM	uGEN_NOM		GEN_NOM	DAT_NOM	DAT_NOM	TOP_NOM	TR	TR	maxa_SBJ	GEN_NOM	NOM_ADJ	DAT_NOM	DAT_NOM	GEN_NOM	NOM_ORN	NOM_ORN	GEN_NOM	TR	GEN_NOM	IO_ABS	TR	TR	TR	TR	uGEN_NOM	ADE_NOM	TR	POST_NOM	POSS_ABS	gon_SBJ	GEN_NOM	GEN_NOM	TR	TR	GEN_ABS	OBJAGR_BARE	LOC_NOM	GEN_ABS	GEN_ABS	LOC_NOM	POST_ABS	TR	le_SBJ	TR	GEN_NOM
39	look_for	X (look for) Y	искать	X (искать) Y(-а)	TR	NOM_anGEN	TR	NOM_PART	TR	TR	NOM_PART	TR	TR	TR	TR	TR	NOM_GEN	TR	TR	TR	TR	TR	TR	TR	TR	TR	TR	TR	TR	TR	TR	TR	SBJ_for	TR	NOM_GEN	TR	TR	TR	TR	TR	TR	SBJ_etter	TR	TR	TR	TR	TR	NOM_DAT	TR	TR	TR	TR	TR	TR	TR	TR	TR	TR	TR	TR	TR	TR	TR	ABS_BEN	TR	TR	TR	NOM_adDAT	TR	NOM_PART	TR	TR	ABS_LOC.AFTER	TR	TR	TR	TR	TR	TR	SBJ_bar	TR	TR	ABS_POST.ELAT	TR	ABS_POST.LAT	TR	TR	SBJ_efter	TR
40	paint	X (paint) Y	красить	X (красить) Y	TR	TR		TR	TR	TR	TR	TR	TR	TR		TR	TR	TR	TR	TR	TR	SBJ_ba	TR	ERG_DAT	TR	TR	TR	TR	TR	TR	TR	TR	TR	TR	TR	TR	TR	TR	TR	TR	TR	TR	TR	ERG_DAT	TR	TR	TR	TR	TR		TR	TR	TR	TR	TR	TR	TR	TR	TR	TR	NOM_LOC/INS	TR	TR	TR	TR	TR	TR	TR	TR	TR	TR	ERG_DAT	TR		TR	TR	TR	TR	TR	TR	TR	ERG_LAT	TR	TR	ERG_DAT	TR	TR	TR	TR
41	bite	X (bite) Y	кусать	X (кусать) Y-а	TR	TR	TR	TR	TR	TR	NOM_PART	TR	TR	TR	TR	TR	NOM_DAT	TR	TR	TR	NOM_DAT	SBJ_ba	TR	TR	TR	TR	TR	TR	SBJ_ar	TR	TR	TR	TR	TR	TR	TR	TR	TR	NOM_SUPER	TR	TR	TR	TR	ERG_DAT	TR	TR	TR	ERG_DAT	TR	TR	TR	TR	TR	TR	TR	TR	TR	TR	TR	TR	TR	TR	TR	ABS_IO	TR	TR	TR	TR	TR	NOM_PART	TR	ERG_CONT	ABS_DAT	TR	TR	TR	TR	TR	TR	TR	TR	ERG_DAT	ABS_SUPLAT	TR	TR	TR	TR	TR	ERG_SUPER
42	forfeit	X (lose) Y	лишаться	X (лишаться) Y-а	NOM_GEN	TR		NOM_EL		NOM_NOM(NO.AGR)	TR	TR	SBJ_de	TR		TR	NOM_GEN	NOM_ABL		NOM_CAR	TR	SBJ_ji	SBJ_ma	ABS_SBEL		NOM_GEN	TR	TR	TR	NOM_ABL	NOM_ABL	TR	TR	TR	TR			NOM_ABE	NOM_ABL			TR	TR		TR		NOM_ABE		TR		SBJ_la	TR		TR			TR				TR	TR		ABS_LOCl	TR	TR	NOM_oACC	TR	TR	TR	SBJ_bez	ATR_NOM	TR	TR	NOM_CAR	NOM_ABE	NOM_bezGEN	SBJ_ot	ABS_CAR	SBJ_lab	NOM_ABL		ABS_akkwal	TR	ABS_SUBCONT.ELAT	TR	TR	TR	NOM_CONT.EL
43	try_to_catch	X (try to catch) Y	ловить	X (ловить) Y(-а)	TR	TR		TR	TR	TR	TR	TR	TR	TR	TR	TR	TR	TR	TR		TR	TR	TR	TR	TR	TR	TR			TR	TR	TR		TR	TR				TR	TR	TR	TR		TR	TR	TR	TR	TR	TR	TR	TR	TR	TR	TR		TR		TR	TR	TR	TR	TR	TR	TR	TR	TR	TR		TR		TR	TR	TR	TR	TR	TR	TR		TR	TR	TR	TR	TR		TR	TR	TR	TR	TR
44	break	X (break) Y	ломать	X (ломать) Y	TR	TR	TR	TR	TR	TR	TR	TR	TR	TR	TR	TR	TR	TR	TR	TR	TR	TR	TR	TR	TR	TR	TR	TR	TR	TR	TR	TR	TR	TR	TR	TR	TR	TR	TR	TR	TR	TR	TR	TR	TR	TR	TR	TR	TR	TR	TR	TR	TR	TR	TR	TR	TR	TR	TR	TR	TR	TR	TR	TR	TR	TR	TR	TR	TR	TR	TR	TR	TR	TR	TR	TR	TR	TR	TR	TR	TR	TR	TR	TR	TR	TR	TR	TR	TR
45	flatter	X (flatter) Y	льстить	X (льстить) Y-у	NOM_DAT	TR	TR			NOM_DAT		TR	TR	NOM_DAT		NOM_DAT	NOM_DAT	NOM_DAT	TR	NOM_DAT	NOM_DAT			ERG_DAT	TR	TR	NOM_DAT	TR		NOM_DAT	NOM_DAT		TR	TR	NOM_DAT	TR	TR	NOM_DAT	NOM_DAT	NOM_DAT	ABS_ALL	TR	TR	TR	NOM_DAT			NOM_DAT		NOM_DAT	TR	TR	TR	TR	NOM_DAT	NOM_DAT	NOM_DAT				TR	TR	NOM_dono		NOM_DAT	NOM_DAT	NOM_DAT	TR	NOM_peradINS	NOM_PART	SBJ_DAT(na)		ABS_LOC	TR	NOM_omLOC		NOM_DAT	TR	TR	SBJ_ka	NOM_DAT	TR	TR	TR	ERG_DAT	TR	SBJ_le	TR	
46	love1	X (love) Y	любить-1	X (любить) Y-а (сына)	TR	TR	TR	NOM_PART	DAT_NOM	NOM_DAT	NOM_PART	TR	TR	TR	DAT_NOM		TR	TR	TR	TR	TR		be_SBJ	DAT_ABS	TR	TR	TR	TR	aige_DO	TR	TR	NOM_pala	TR	TR	TR	SBJ_van	TR	TR	TR	TR	TR	TR	TR	DAT_NOM	TR	TR	TR	DAT_NOM	TR	TR	TR	TR	TR	TR	TR	NOM_DAT	TR	TR	TR	TR	TR	TR	TR	TR	TR	TR	TR	TR	TR	NOM_PART	TR	DAT_NOM	TR	gi_POSS.SBJ	TR	TR	TR	TR	TR	TR	TR	DAT_ABS	SUPLAT_ABS	TR	DAT_ABS	TR	TR	TR	AFF_NOM
47	wave	X (wave) Y	махать	X (махать) Y-ом	NOM_INS	NOM_biGEN		NOM_COM		NOM_COM	NOM_AD	TR	TR	TR	TR	TR	NOM_INS	NOM_INSTR	TR	TR	NOM_arACC	TR	TR	TR	NOM_meACC	TR	TR	TR	TR	NOM_INS	TR	NOM_INS	TR	TR	NOM_INS	SBJ_met	TR	NOM_INS	NOM_ABL	NOM_INS	ABS_INS	SBJ_med	NOM_din	TR	NOM_INS	NOM_INS	NOM_INE	TR	NOM_INS	NOM_LOC	TR	TR	TR	TR	NOM_INS	NOM_INSTR	NOM_INS	NOM_IN/marxta	NOM_INSTR	NOM_INS	TR	TR	NOM_gisan	TR	NOM_zINS	TR	NOM_INSTR	TR	NOM_INS	NOM_PART	SBJ_so	TR	ERG_INSTR.CASE		NOM_INS	NOM_INS	NOM_INS	SBJ_s	ERG_ERG	TR	NOM_INS	TR	ABS_ERG	TR	TR	NOM_COM	SBJ_be	SBJ_med	NOM_INST
48	dream	X (dream) of Y	мечтать	X (мечтать) об Y-е	NOM_oLOC	NOM_biGEN		NOM_EL		NOM_GENdugajynda	NOM_EL	TR	SBJ_de	NOM_vonDAT		TR	NOM_apieACC		SBJ_dal	NOM_turahenda				ERG_SBEL	TR	NOM_GEN	NOM_perACC	SBJ_con	SBJ_ar	NOM_DATmasin			SBJ_of	TR	NOM_oLOC	SBJ_van	TR		NOM_ALL	NOM_oLOC	TR	SBJ_om	NOM_la	ERG_ABL	NOM_proACC	NOM_jylys	NOM_ABL	ERG_DAT.SUPERESS	TR		SBJ_la	TR				NOM_tuxai	NOM_DEL		NOM_ACC.INDEF			SBJ_a	NOM_gisan	ABS_BEN	NOM_oLOC	TR	NOM_oLOC	ACC_umACC	NOM_praACC	NOM_ELA	SBJ_za		ABS_LOC.BEHIND	SBJ_ka	NOM_cinABL	NOM_NOMsjarys	NOM_oLOC	SBJ_za			NOM_turaly		ABS_SUPLAT.CONT	NOM_GENdiott		NOM_GENbijre	SBJ_al	SBJ_om	GEN_NOM
49	wash	X (wash) Y	мыть	X (мыть) Y	TR	TR		TR	TR	TR	TR	TR	TR	TR		TR	TR	TR	TR	TR	TR	TR	TR	TR	TR	TR	TR	TR	TR	TR	TR	TR	TR	TR	TR	TR	TR	TR	TR	TR	TR	TR	TR	TR	TR	TR	TR	TR	TR	TR	TR	TR	TR	TR	TR	TR	TR	TR	TR	TR	TR	TR	TR	TR	TR	TR	TR	TR	TR	TR	TR	TR	TR	TR	TR	TR	TR	TR	TR	TR	TR	TR	TR	TR	TR	TR	TR	TR	TR
50	put_on	X (put_on) Y	надевать	X (надевать) Y	TR	TR	TR	TR	TR	TR	TR	TR	TR	TR	TR	TR	TR	TR	TR	TR	TR		TR	TR	TR	TR	TR	TR	TR	TR	TR	TR	TR	TR	TR	TR	TR	TR	TR	TR	TR	TR	TR	TR	TR	TR	TR	TR	TR	TR	TR	TR	TR	TR	TR	TR	TR	TR	TR	TR	TR	TR	TR	TR	TR	TR	TR	NOM_iACC	TR	TR	TR	TR	TR	TR	TR	TR	TR	TR	TR	TR	TR	TR	TR	TR	TR	TR	TR	TR	TR
51	be_called	X (be_called) Y	называться	X (называться) Y	NOM_INS	NOM_NOM	ACT_rupi	TRANSL		ACC_NOM(NO.AGR)	NOM_TRL	ABS_ABS	TR	NOM_NOM_	SUPLAT_NOM	NOM_CONTR	NOM_NOM	NOM_gidh		NOM_tip	ACC_parACC			DAT_ABS	NOM_NOM		NOM_NOM	SBJ_PRED	ar_SBJ	NOM_NOM	GEN_PRED	NOM_NOM		TR	NOM_NOM			NOM_INS	NOM_NOM	NOM_NOM	ABS_EQU	TR	NOM_NOM	NOM_LAT	NOM_NOM	NOM_NOM		DAT_NOM	NOM_INS						NOM_NOM	NOM_gezhe	ACC_DAT	DAT_NOM(NO.AGR)	POSS_NOM		GEN_NOM	TR	NOM_NOM		NOM_NOM	NOM_NOM	NOM_NOM	NOM_NOM	NOM_INS	PART_TRANS	SBJ_NP	ATR_PRED	DAT_ABS	DO_POSTVERBAL.NP	OBJ_NOM.NONCORE	NOM_NOM	NOM_NOM	SBJ_UNMARKED	GEN_ABS	BARE_BARE	NOM_dep	GEN_ABS	SUPLAT_ABS(NO.AGR)	NOM_ESS		ACC_NOM	le_DO	TR	SUPER.LAT_NOM
52	punish	X (punish) Y	наказывать	X (наказывать) Y-а	TR	TR	TR	NOM_PART		NOM_DAT	NOM_PART	TR	TR	TR		TR	TR	TR	SBJ_dal	TR	TR		SBJ_ma	TR	TR	TR	TR	TR	SBJ_ar	TR	TR		TR	TR	TR	TR	TR	TR	TR	TR	TR	TR	TR		TR	TR	TR	TR	TR					TR	TR	TR	TR				TR	TR	TR		TR	TR	TR	NOM_DAT	TR	NOM_PART	TR		ERG_LOC.TOP		TR	TR	TR	TR	TR	SBJ_ka	NOM_DAT				TR	TR	TR	TR	
53	attack	X (attack) Y	напасть	X (нападать) на Y-а	NOM_naACC	TR	TR	NOM_PART		NOM_ALL1	NOM_GENpialle	ERG_DAT	SBJ_sur	TR		TR	TR	NOM_DIR		NOM_DAT	NOM_DAT	SBJ_ta	TR	ERG_SRESS	NOM_seACC	NOM_DAT	TR	TR	TR	NOM_DATvra	NOM_DAT	NOM_pe	TR	TR	NOM_naACC	TR	TR	NOM_vylo	NOM_ALL	TR	TR	TR	TR	NOM_DAT	NOM_naACC	NOM_vylo	NOM_langILL	NOM_DAT	NOM_DIR		TR	TR	SBJ_yi	NOM_DAT	NOM_DAT	NOM_DAT	TR	NOM_lanks	NOM_DIR	NOM_DIR	TR	SBJ_sus	NOM_veke	ABS_LOCgwekwe	TR	TR	TR	NOM_aACC	NOM_naACC	NOM_GENkimppuun	TR	NOM_SUP	ABS_LOC.TOP	SBJ_ta	TR	NOM_NOMvyle	TR	TR	ERG_GENloxol	SBJ_al	NOM_DAT	ABS_DAT	ABS_SUPLAT	NOM_GENool	ABS_SUPER	TR	TR	TR	NOM_SUPER.LAT
54	fill#intr#	X (fill) with Y	наполняться	X (наполняться) Y-ом	NOM_INS	NOM_biGEN		NOM_COM		NOM_COM	NOM_AD	ABS_INS	SBJ_de	NOM_mitDAT	NOM_GEN	NOM_INSTR	NOM_GEN	NOM_INSTR	TR	NOM_menan	NOM_arACC	SBJ_ya	SBJ_ga	ABS_ADESS	TR	NOM_GEN	NOM_meACC	SBJ_de	SBJ_le	NOM_INS	NOM_ile	NOM_INS	SBJ_with		NOM_INS	SBJ_met	SBJ_di	NOM_INS	NOM_ABL	NOM_INS	ABS_INS	SBJ_med	NOM_cu	NOM_LAT	NOM_INS	NOM_INS	NOM_ABL	NOM_INS	NOM_INS	NOM_DAT	SBJ_la	TR	SBJ_yi	NOM_COM	NOM_INS	NOM_INSTR	NOM_INS	NOM_ABL/ezda	NOM_INSTR	ACC_NOM	NOM_LOC/INS	SBJ_de	NOM_dono	IO_ABS	NOM_zINS	NOM_ABL	NOM_INSTR	NOM_afDAT	NOM_INS	NOM_ADE	SBJ_so	NOM_ERG	LOC.CONT_ABS	SBJ_ka	NOM_INS	NOM_INS	NOM_INS	SBJ_s	ABS_ERG	TR	NOM_DAT	ABS_LAT	ABS_GEN	NOM_LOC	ABS_ERG	NOM_ELA	SBJ_be	SBJ_med	NOM_ERG
55	find	X (find) Y	находить	X (находить) Y(-а)	TR	TR	TR	TR	ADALL_NOM	TR	TR	TR	TR	TR	AFF_NOM	TR	TR	TR		TR	TR	TR	TR	DAT_ABS	TR	TR	TR	TR	TR	TR	TR	TR	TR	TR	TR	TR	TR		TR	TR	TR	TR	TR	DAT_NOM	TR	TR	TR	TR	TR	TR	TR	TR	TR	TR	TR	TR	TR	TR	TR	TR	TR	TR	TR	TR	TR	TR	TR	TR	TR	TR	TR	APUD.EL_NOM	TR	TR	TR	TR	TR	TR	TR	TR	TR	DAT_ABS	TR	TR	DAT_ABS	TR	TR	TR	AFF_NOM
56	be_short	X (be short) Y	недоставать	X-у (недоставать) Y-a	DAT_GEN	ACC_NOM	INACT_ZERO			DAT_NOM(NO.AGR)		DAT_ABS	a_SBJ	DAT_NOM	DAT_NOM	TOP_NOM	DAT_GEN	DAT_NOM	TR		DAT_GEN			DAT_ABS	GEN_NOM	NOM_GEN	DAT_NOM	DAT_SBJ		DAT_NOM	GEN_NOM	LOC_NOM	TR	TR	DAT_GEN	TR	a_SBJ	DAT_NOM	DAT_NOM	DAT_NOM	POSS_ABS	TR	DAT_NOM	DAT_NOM	DAT_GEN	DAT_NOM	DAT_NOM	DAT_NOM	DAT_NOM(NO.AGR)	TOP_NOM	OBJ_SBJ		yi_SBJ	GEN_NOM	DAT_NOM	DAT_NOM	DAT_INS	DAT_NOM	DAT_NOM	DAT_NOM	GEN_NOM	a_SBJ	DAT_NOM	IO_ABS	DAT_NOM	DAT_NOM	DAT_NOM	ACC_ACC	DAT_GEN	ABL_NOM	DAT(na)_SBJ	DAT_NOM	BEN_ABS		OBJ_NOM	GEN_NOM	DAT_NOM	DAT(na)_SBJ	GEN_ABS	ka_SBJ	DAT_NOM	DAT_ABS	GEN_ABS	LOC_GEN	DAT_ABS	TR	le_SBJ	TR	DAT_NOM
57	hate	X (hate) Y	ненавидеть	X (ненавидеть) Y-а	TR	TR				TR	NOM_PART	TR	TR	TR	DAT_NOM		NOM_GEN	NOM_DAT			TR		TR	DAT_ABS	TR	TR	TR	TR	aige_ar	TR	NOM_ABL	TR	TR	TR	NOM_GEN	TR	TR	TR	NOM_ABL	TR	TR	TR	TR	DAT_NOM	TR	TR	TR	DAT_NOM	NOM_INS	TR	TR	TR	TR	NOM_ABL	TR	NOM_DAT	TR	TR	TR	TR	TR	TR	TR	MAL_ABS	TR	TR	TR	TR	TR	NOM_PART	TR	DAT_NOM	BEN_ABS		TR	GEN_ACC	TR	TR	TR	BARE_men	TR	DAT_ABS	SUPLAT_ABS	TR	DAT_ABS	TR	TR	TR	
58	like	X (like) Y	нравиться	X-у (нравиться) Y	DAT_NOM	TR			DAT_NOM	DAT_NOM	ALL_NOM	DAT_ABS	a_SBJ	DAT_NOM	DAT_NOM	TOP_NOM	DAT_NOM	DAT_NOM			DAT_NOM	le_SBJ	SBJ_be	DAT_ABS	GEN_NOM	DAT_NOM	DAT_NOM	DAT_SBJ	le_SBJ	TR	NOM_DAT	ACC_NOM	TR	TR	DAT_NOM		a_SBJ	DAT_NOM	DAT_NOM	DAT_NOM	TR	TR	DAT_NOM	DAT_NOM	DAT_NOM	DAT_NOM		DAT_NOM	TR	TR	ye_SBJ	TR	da_SBJ	TR	TR	DAT_NOM	DAT_NOM		TR	TR	GEN_NOM	a_SBJ	DAT_NOM	TR	DAT_NOM	DAT_NOM	DAT_NOM	DAT_NOM	DAT_NOM	NOM_ELA	DAT(na)_SBJ	DAT_NOM		kee_POSS.SBJ	OBJ_NOM	DAT_NOM	DAT_NOM	DAT(na)_SBJ	GEN_ABS	BARE_men	DAT_NOM	DAT_ABS	SUPLAT_ABS	NOM_LOC	DAT_ABS	TR	TR	TR	AFF_NOM
59	need	X (need) Y	нуждаться	X (нуждаться) в Y-е	NOM_vLOC	NOM_ilaaGEN	ACT_re	NOM_EL		DAT_NOM	NOM_PART	TR	SBJ_de	TR		TOP_NOM	DAT_GEN	DAT_NOM	TR	DAT_NOM	DAT_NOM		SBJ_ba	DAT_ABS	TR	NOM_GEN	DAT_NOM	TR	o_SBJ	DAT_NOM	GEN_DAT	ACC_NOM	TR	TR	NOM_GEN		a_SBJ	DAT_NOM		DAT_NOM	TR	TR		DAT_NOM	DAT_NOM	DAT_NOM	DAT_NOM	DAT_NOM	TR	TR	SBJ_la	TR		GEN_DAT	NOM_DAT	DAT_NOM	DAT_SUB	DAT_NOM	DAT_NOM	NOM_INS	GEN_NOM	TR	DAT_NOM	ABS_BEN	TR	NOM_GEN	TR	ACC_ACC	DAT_NOM	NOM_PART	DAT(na)_SBJ	DAT_NOM	POSS_ABS	POSS.SBJ_bha	OBJ_NOM	DAT_NOM	DAT_NOM	SBJ_ot	DAT_ABS	ka_SBJ	DAT_NOM	DAT_ABS	SUPLAT_ABS	TR	DAT_ABS	TR	TR	TR	
60	surround	X (surround) Y	окружать	X (окружать) Y (стена город)	TR	TR		NOM_PART		TR	NOM_PART	TR	TR	TR		TR	TR	TR		TR	TR	SBJ_zi		TR	TR	TR	TR	TR		TR	TR	TR	TR	TR	TR	TR	TR	TR		INS_NOM	TR	TR	TR	NOM_DAT	TR			TR	NOM_kendeli		TR	TR	TR	TR	TR	TR	TR	TR			TR	TR	TR	TR	TR	TR	TR	TR	TR	NOM_PART	TR	TR	TR	SBJ_zi	TR	TR	TR	TR	TR		TR	DAT_ABS	TR	TR	ABS_SUPER	NOM_GENbijrejargan	TR	TR	TR
61	remain	X (have) Y left	оставаться	у X-а (оставаться) Y	uGEN_NOM	indaGEN_NOM	ACT_pe		NOM_INESS	LOC_NOM	AD_NOM	DAT_ABS	a_SBJ			TOP_NOM	DAT_NOM	DATNOM_	TR	GEN_NOM	DAT_NOM		ya_SBJ	POESS_ABS	GEN_NOM	paraDAT_NOM	DAT_NOM	DAT_SBJ	ar_SBJ		GEN_NOM	LOC_NOM		TR	DAT_NOM	TR	a_SBJ	GEN_NOM	ALL_NOM	DAT_NOM	POSS_ABS		DAT_NOM	ALL_NOM	uGEN_NOM	GEN_NOM	GEN_NOM	DAT_NOM	DAT_NOM	TOP_NOM	SBJ_bulu	OBJ_OBJ	maxa_SBJ	GEN_NOM	DAT_NOM	DAT_NOM	DAT_NOM	GEN_NOM	DAT_NOM	DAT_NOM	GENkache_NOM	a_SBJ	GEN_NOM	BEN_ABS	DAT_NOM	DAT_NOM	DAT_NOM	TR	uGEN_NOM	ALL_NOM	DAT(na)_SBJ	APUD_NOM	BEN_ABS	gon_SBJ	GEN_NOM	GEN_NOM	DAT_NOM	DAT(na)_SBJ	AD_ABS	ces_SBJ	LOC_NOM	ALL_ABS	GEN_ABS	LOC_NOM	APUD_ABS		le_SBJ	TR	CONT_NOM
62	answer	X (answer) Y	отвечать	X (отвечать) Y-у	NOM_DAT	TR	TR	NOM_ALL		NOM_ALL1	NOM_ALL	ERG_DAT	SBJ_a	NOM_DAT	ERG_SUPLAT	NOM_DAT	NOM_DAT	NOM_DAT		NOM_DAT	NOM_DAT		TR	ERG_DAT	NOM_seACC	NOM_DAT	NOM_DAT	SBJ_DAT	TR	NOM_DAT	NOM_DAT		TR	TR	NOM_DAT	TR	SBJ_a	NOM_DAT	NOM_DAT	NOM_DAT	ABS_ALL	TR	NOM_DAT	ERG_DAT	NOM_DAT	NOM_DAT	NOM_DAT	ERG_DAT	NOM_DIR		TR	TR	TR	NOM_DAT	NOM_DAT	NOM_DAT	NOM_DAT	NOM_DAT	NOM_DAT	NOM_DIR	TR	SBJ_a		ERG_IO	NOM_DAT	NOM_DAT	NOM_DAT	NOM_DAT	NOM_DAT	NOM_ALL	SBJ_DAT(na)	ERG_DAT	ERG_DAT	SBJ_gon	TR	NOM_DAT	NOM_DAT	SBJ_DAT(na)	ERG_GEN	SBJ_ka	NOM_DAT	ERG_DAT	ERG_SUPLAT	NOM_ILL	ERG_DAT	TR	SBJ_le	TR	ERG_DAT
63	open	X (open) Y	открывать	X (открывать) Y	TR	TR		TR	TR	TR	TR	TR	TR	TR	TR	TR	TR	TR	TR	TR	TR		TR	TR	TR	TR	TR	TR	TR	TR	TR	TR	TR	TR	TR	TR	TR	TR	TR	TR	ABS_ALL	TR	TR	TR	TR	TR	TR	TR	TR	TR	TR	TR	TR	TR	TR	TR	TR	TR	TR	TR	TR	TR	TR	TR	TR	TR	TR	TR	TR	TR	TR	TR	TR	TR	TR	TR	TR	TR	TR	TR	TR	TR	TR	TR	TR	TR	TR	TR	TR
64	be_different	X (be different) from Y	отличаться	X (отличаться) от Y-а	NOM_otGEN	NOM_anGEN		NOM_EL		NOM_ABL	NOM_EL		SBJ_de	NOM_vonDAT		NOM_CONTR	NOM_nuoGEN	NOM_ABL	SBJ_pi	NOM_ABL	NOM_noGEN	SBJ_ba		ABS_SREL	NOM_apoACC	NOM_GEN	NOM_ngaNOM	SBJ_de	SBJ_le	NOM_ABL	NOM_ABL	NOM_pe	SBJ_from	SBJ_yu	NOM_odGEN	SBJ_van	SBJ_da	NOM_ELA	NOM_ABL	NOM_odGEN	ABS_ABL	SBJ_enn	NOM_de		NOM_vidGEN		NOM_ejELA	NOM_GEN.EL	NOM_ABL	NOM_ABL		SBJ_di		NOM_ABL	NOM_ABL	NOM_ABL	NOM_ABL	NOM_ABL/ezda	NOM_ABL	NOM_ABL	NOM_theke	SBJ_de	NOM_gec		NOM_odGEN	NOM_abABL	NOM_nezNOM	NOM_DAT	NOM_adGEN	NOM_kuinNOM	SBJ_od	NOM_SUP.EL	ABS_BEN	SBJ_bha	NOM_ABL	NOM_ABL	NOM_odGEN	SBJ_ot	ABS_SUPERlari	SBJ_men	NOM_ABL	ABS_LAT	ABS_ELAT	NOM_ko	ABS_SUPER.ELAT		SBJ_mi	SBJ_som	NOM_CONT
65	fall_behind	X (fall behind) Y	отстать	X (отставать) от Y-а	NOM_otGEN	NOM_anGEN		NOM_EL		NOM_ABL			SBJ_par	NOM_vonDAT		NOM_DAT	NOM_nuoGEN	NOM_ABL			NOM_noGEN	SBJ_zuo	SBJ_polu	ABS_SREL	NOM_apoACC	NOM_GEN	NOM_pasABL		SBJ_o	NOM_ABL	NOM_ABL	NOM_ABL				SBJ_bij		NOM_ELA	NOM_ABL	NOM_zaINS	ABS_ABL	SBJ_etter			NOM_vidGEN	NOM_borsjan	NOM_ejELA	NOM_DAT	NOM_ABL	NOM_ABL	SBJ_kooma		SBJ_yi	NOM_ABL	NOM_ABL	NOM_ABL	NOM_mogott	NOM_ABL/ezda	NOM_ABL	NOM_ABL	NOM_theke	SBJ_de	NOM_gec	ABS_LOCax		NOM_ABL	NOM_zaINSTR	NOM_urDAT	NOM_adGEN	NOM_ELA	SBJ_od	NOM_SUP.EL	ABS_PPweze	SBJ_zia	NOM_ABL	NOM_ABL	NOM_zaINS	SBJ_ot	ABS_ABL	SBJ_men	NOM_ABL	ABS_COMP	ABS_ELAT	NOM_GENtuakka	ABS_POST.ELAT	NOM_GENmanngan	SBJ_axarej	TR	NOM_CONT
66	plough	X (plough) Y	пахать	X (пахать) Y	TR	TR		TR	TR	TR	TR	TR	TR	TR	TR	TR	TR	TR	TR	TR		TR	TR	TR	TR	TR	TR	TR	TR	TR	TR	TR	TR	TR	TR	TR	TR	TR	TR	TR	TR	TR	TR	TR	TR	TR	TR	TR	TR	TR	TR	TR	TR	TR	TR	NOM_deere	TR	TR	TR	TR	NOM_LOC/INS	TR	TR	TR	TR	TR	TR	TR	TR	NOM_PART	TR	TR	TR	TR	TR	TR	TR	TR	TR	TR	TR	TR	TR	TR	TR		TR	TR	TR
67	smell	X (smell) like / of Y	пахнуть	X (пахнуть) Y-ом	NOM_INS	minGEN_NOM				NOM_COM	NOM_AD		TR	NOM_nachDAT			NOM_INS	NOM_GEN			NOM_pecGEN	SBJ_ya			TR	NOM_GEN	NOM_ABL	SBJ_a			TR	NOM_INS	SBJ_like		NOM_INS	SBJ_naar	SBJ_di		NOM_ABL	NOM_naACC	ABS_INS	av_DO	NOM_a	LAT_NOM	NOM_INS	NOM_INS				NOM_LOC	SBJ_la	TR		NOM_ABL	NOM_NOM				NOM_ABL			SBJ_a	NOM_dono		NOM_poDAT	NOM_ABL	NOM_INSTR	NOM_afDAT	NOM_INS	NOM_ABL	SBJ_na	CONT.EL_ATR		bha_POSS.SBJ		NOM_NOM	NOM_poDAT	SBJ_na	ABL_ERG		TR		POSTtti_GEN	NOM_mate		NOM_ELA	SBJ_mi	TR	CONT.EL_GEN
68	cross	X (cross) Y	пересечь	X (пересекать) Y (улицу) 	TR	TR		TR	NOM_EL	TR	TR	TR	TR	TR		TR	TR	TR	TR	NOM_asa		TR	TR	ABS_SREL	TR	TR	TR	TR	TR	TR	TR	TR	TR	TR	TR	TR	TR	TR	NOM_sarty	TR	TR	TR	TR		TR	TR		NOM_DAT.SUPERESS	TR	NOM_GENnoru	SBJ_la	TR	TR		TR	TR	NOM_SUP	TR	TR	TR	TR	TR	TR	ABS_LOCqe	TR	TR	NOM_presACC	NOM_yfirACC	TR	TR	TR	NOM_IN.EL	ABS_REC.IO.LOC.TIP.PRV.INSTR	TR	NOM_orle	NOM_NOMvamen	TR	TR	ABS_ABL	TR	TR	ABS_DAT	ABS_GEN	NOM_GENraast		NOM_GENraaste	TR	TR	TR
69	sing	X (sing) Y	петь	X (петь) Y	TR	TR	TR	TR		TR	TR	TR	TR	TR		TR	TR	TR	TR	TR	TR	TR	TR	TR	TR	TR	TR	TR	TR	TR	TR	TR	TR	TR	TR	TR	TR	TR	TR	TR	TR	TR	TR	TR	TR	TR	TR	TR	TR	TR	TR	TR	TR	TR	TR	TR	TR	TR	TR	TR	TR	TR	TR	TR	TR	TR	TR	TR	TR	TR	TR	TR	TR	TR	TR	TR	TR	TR	TR	TR	TR	TR	TR	TR	TR	TR	TR	TR	TR
70	write	X (write) Y	писать	X (писать) Y	TR	TR	TR	TR	TR	TR	TR	TR	TR	TR	TR	TR	TR	TR	TR	TR	TR	TR	TR	TR	TR	TR	TR	TR	TR	TR	TR	TR	TR	TR	TR	TR	TR	TR	TR	TR	TR	TR	TR	TR	TR	TR	TR	TR	TR	TR	TR	TR	TR	TR	TR	TR	TR	TR	TR	TR	TR	TR	TR	TR	TR	TR	TR	TR	TR	TR	TR	TR	TR	TR	TR	TR	TR	TR	TR	TR	TR	TR	TR	TR	TR	TR	TR	TR	TR
71	drink	X (drink) Y	пить	X (пить) Y	TR	TR	TR	TR	TR	TR	TR	TR	TR	TR	TR	TR	TR	TR	TR	TR		TR	TR	TR	TR	TR	TR	TR	TR	TR	TR	TR	TR	TR	TR	TR	TR	TR	TR	TR	TR	TR	TR	TR	TR	TR	TR	TR	TR	TR	TR	TR	TR	TR	TR	TR	TR	TR	TR	TR	TR	TR	TR	TR	TR	TR	TR	TR	TR	TR	TR	TR	TR	TR	TR	TR	TR	TR	TR	TR	TR	TR	TR	TR	TR	TR	TR	TR	TR
72	melt	X (melt) Y	плавить	X (плавить) Y	TR	TR		TR		TR	TR	TR	TR	TR		TR	TR	TR	TR	TR		TR	TR	TR	TR	TR	TR	TR	TR	TR	TR	TR	TR	TR	TR	TR	TR	TR	TR	TR	TR	TR	TR	TR	TR	TR	TR	TR	TR	TR	TR		TR	TR	TR	TR	TR	TR	TR	TR	TR	TR	TR	TR	TR	TR	TR	TR	TR	TR	TR	TR	TR	TR	TR	TR	TR	TR	TR	TR	TR	TR	TR	TR	TR	TR	TR	TR	TR
73	match	X (match) Y	подходить	X (подходить) к Y-у (пояс к платью)	NOM_kDAT	TR				NOM_DAT	NOM_ALL	ABS_DAT	SBJ_avec	NOM_zuDAT	NOM_DAT	NOM_DAT	NOM_prieGEN	NOM_DAT		NOM_DAT		SBJ_zi		ABS_POESSgalaz	NOM_seACC	NOM_DAT	NOM_meACC		SBJ_le	NOM_DAT	NOM_DAT	NOM_DAT	SBJ_with	TR	NOM_doGEN	SBJ_bij	SBJ_a	NOM_doro	NOM_SUPER	NOM_DAT	ABS_COM	SBJ_til	NOM_cu	NOM_INSTR	NOM_doGEN	NOM_dyno	NOM_DAT	NOM_DAT	NOM_DIR		SBJ_la	TR		NOM_DAT	NOM_DAT	NOM_DAT	NOM_ALL	NOM_DAT	NOM_DAT	NOM_DIR	NOM_GENsange	SBJ_a	NOM_DAT	ABS_LOCne	NOM_kDAT	NOM_adACC	NOM_kDAT	NOM_vidACC	NOM_daGEN	NOM_ILL	SBJ_na	NOM_DAT	ABS_DAT	SBJ_ka	TR	NOM_DAT	NOM_uzACC	SBJ_DAT(na)	ABS_DAT	SBJ_ka	NOM_DAT	ABS_INSTR	ABS_SUPLAT	NOM_COM	ABS_DAT	NOM_ILL	SBJ_le	SBJ_till	NOM_SUPER
74	leave	X (leave) Y	покидать	X (покидать) Y(-а)	NOM_izGEN	TR		TR	TR	TR	TR	TR	TR	TR		TR	TR	NOM_ABL	SBJ_pi	NOM_ABL	TR	SBJ_ZERO		TR	TR	TR	TR	TR	TR	TR	TR	TR	TR	TR	TR	TR	TR	TR	TR	TR	TR	TR	TR	NOM_ABL	TR		TR	TR	NOM_ABL	TR	TR	TR	TR	NOM_ABL	NOM_ABL	NOM_ABL	TR	TR	TR	TR	TR	TR	TR	ABS_LOCte	TR	TR	TR	TR	TR	NOM_ELA	TR	NOM_IN.EL	ABS_LOC.ENCLOSURE	SBJ_gi	NOM_ABL	NOM_ELA	TR	TR	ABS_ABL	SBJ_men	NOM_ABL	ABS_ABL	TR	NOM_LOC	TR	TR	TR	TR	NOM_SUPER.EL
75	cover	X (cover) Y	покрывать	X (покрывать) Y	TR	TR		TR		TR	TR	TR	TR	TR	TR	TR	TR	TR		TR	TR			TR	TR	TR	TR	TR	TR	TR	TR	TR	TR		TR	TR	TR	TR	TR	TR	TR	TR	TR		TR	TR	TR	TR	TR	TR	TR	TR	TR	TR	TR		TR	TR	TR	TR	TR	TR	TR	TR	TR	TR	TR	TR	TR	TR	TR	TR	TR	SBJ_gi	TR	TR	TR	TR	TR	SBJ_ka	TR	TR	TR	TR	TR	TR	TR	TR	TR
76	remember	X (remember) Y	помнить	X (помнить) Y-а	NOM_oLOC	TR	INACT_rehe	NOM_PART		TR	TR	TR	SBJ_de	NOM_anACC	CONTESS_NOM	TR	TR	TR	TR	TR	TR	SBJ_ya	SBJ_su		TR	TR	TR	TR	TR	TR	TR	TR	TR	TR	TR	TR	TR	TR	TR	NOM_GEN	TR	TR	TR	DAT_NOM	TR	TR	TR	DAT_NOM	TR	TR		TR		TR	TR	TR	NOM_SUB	TR	TR	TR	TR	SBJ_de	TR	TR	NOM_GEN	TR	TR	NOM_eftirDAT	TR	TR	SBJ_na	DAT_NOM	TR	zuu_ta	TR	TR	NOM_GEN	TR	GEN_ABS	TR	TR	DAT_ABS	SUPLAT_ABS	TR		TR	TR	TR	AFF_NOM
77	help	X (help) Y	помочь	X (помогать) Y-у	NOM_DAT	TR	ACT_pe			NOM_DAT	NOM_ALL	ERG_DAT	TR	NOM_DAT	TR	TR	NOM_DAT	NOM_DAT	TR	NOM_DAT	NOM_DAT	SBJ_va	SBJ_ba	ERG_DAT	TR	NOM_DAT	TR	TR	SBJ_le	NOM_DAT	NOM_DAT	NOM_DAT	TR	TR	NOM_DAT	TR	TR	NOM_DAT	NOM_DAT	NOM_DAT	TR	TR	TR	TR	NOM_DAT	NOM_DAT	NOM_DAT	NOM_DAT	NOM_DAT	TR	TR	TR	TR	NOM_DAT	NOM_DAT	NOM_DAT	NOM_DAT	NOM_DAT	NOM_DAT	TR	TR	TR	NOM_DAT	ABS_COM	NOM_DAT	TR	NOM_DAT	NOM_DAT	NOM_DAT	NOM_PART	SBJ_DAT(na)	ERG_DAT	ABS_COM.DAT	TR	TR	NOM_DAT	NOM_DAT	SBJ_DAT(na)	ERG_DAT	SBJ_ka	NOM_DAT	ERG_DAT	ERG_SUPLAT	TR	ERG_DAT	TR	SBJ_le	TR	ERG_DAT
78	understand	X (understand) Y	понимать	X (понимать) Y	TR	TR	TR	NOM_EL	NOM_SUPALL	TR	TR	TR	TR	TR	DAT_NOM	TOP_NOM	TR	TR		TR	TR	TR	TR		TR	TR	TR	TR	TR	TR	TR	TR	TR	TR	TR	TR	TR	TR	TR	TR	TR	TR	TR	TR	TR	TR	TR	DAT_NOM	TR	TR	TR	TR	TR	TR	TR	TR	NOM_ESS	TR	TR	TR	TR	TR	TR	LOCgwene_ABS	TR	TR	TR	TR	TR	NOM_PART	TR	NOM_POST	LOC.HEART.PRV.INSTR_ABS	TR	TR	NOM_NOMsjamen	TR	TR	TR	TR	TR	DAT_ABS	TR	TR		TR	TR	TR	AFF_NOM
79	hit#target#	X (hit) Y	попасть	X (попадать) в Y (молния в дом)	NOM_vACC	NOM_alaaGEN	ACT_pe(loc)		NOM_INESS	NOM_DAT	NOM_ILL	ERG_IN	SBJ_sur	TR		NOM_DAT	NOM_iACC	NOM_DAT	TR	NOM_DAT	NOM_LOC	SBJ_ji	SBJ_su	ABS_POESS	TR	NOM_eisACC	NOM_neACC	SBJ_en	TR	NOM_DAT	NOM_DAT	NOM_ando	TR	TR	NOM_wACC	SBJ_in	SBJ_in	NOM_ILL	NOM_SUPER	NOM_uACC	TR	TR	TR	NOM_DAT	NOM_vACC	NOM_ILL	NOM_ILL	NOM_DAT	TR	NOM_DAT	SBJ_kang	TR	SBJ_yi	NOM_DAT	NOM_DAT	NOM_DAT	NOM_ILL	NOM_ILL/DAT	NOM_LOC	NOM_DAT	NOM_GENopar	SBJ_sus	NOM_ILL	ABS_LOCkwe	NOM_vACC	TR	NOM_doGEN	NOM_iACC	NOM_uACC	NOM_ILL	SBJ_vo	NOM_CONT	ABS_DAT		TR	NOM_ILL	TR	TR	TR	SBJ_gu	NOM_DAT	ABS_LAT	ABS_SUPLAT	NOM_ILL	ERG_DAT	TR	SBJ_be	SBJ_i	NOM_SUPER
80	cut_oneself	X (cut oneself) with Y	порезаться	X (резаться) Y-ом	NOM_INS	NOM_biGEN				NOM_COM	NOM_AD	ABS_COM	SBJ_avec	NOM_mitDAT		NOM_INSTR	NOM_INS	NOM_INSTR		NOM_menan	NOM_arACC	SBJ_ya	SBJ_ga	ABS_ERG	NOM_meACC		NOM_meACC	SBJ_con	SBJ_le	NOM_INS	NOM_COM	NOM_INS	SBJ_with	SBJ_yong	NOM_INS	SBJ_met	SBJ_con	NOM_INS	NOM_ABL	NOM_INS	ABS_INS	SBJ_pa	NOM_cu	NOM_INSTR	NOM_INS	NOM_INS	NOM_INE	ERG_INS	NOM_INS	NOM_LOC	SBJ_la	SBJ_di	SBJ_ti.yi		NOM_INS	NOM_INSTR	NOM_INS	NOM_IN/marxta	NOM_INSTR	NOM_INS	NOM_diye	SBJ_dab	NOM_dono		NOM_zINS		NOM_INSTR	NOM_medDAT	NOM_INS	NOM_ADE	SBJ_so	NOM_ERG	ERG_INSTR.CASE	SBJ_ka	NOM_INS	NOM_INS	NOM_INS	SBJ_s		SBJ_bi	NOM_INS			NOM_COM	ERG_SUPER.LAT	NOM_COM	SBJ_im	SBJ_med	ERG_INST
81	get_stuck	X (get stuck) to Y	прилипать	X (прилипать) к Y-у	NOM_kDAT	NOM_biGEN			NOM_CONTAL	NOM_ALL1	NOM_ILL	ABS_DAT	SBJ_a	NOM_anDAT	NOM_COM	NOM_DAT	NOM_prieGEN	NOM_DAT	SBJ_nung	NOM_DAT	NOM_pieGEN	SBJ_ta	SBJ_ba	ABS_SRES	NOM_seACC	NOM_prosDAT	NOM_neACC	SBJ_a	SBJ_do(PREP)	NOM_DAT	NOM_DAT	NOM_pe	SBJ_to	SBJ_zai	NOM_doGEN	SBJ_aan	SBJ_a	NOM_ILL	NOM_SUPER	NOM_zaACC	ABS_LOC	SBJ_i	NOM_de	NOM_LAT	NOM_doGEN	NOM_berdo	NOM_DAT	NOM_DAT	NOM_DIR	NOM_DAT	SBJ_bala	SBJ_di	SBJ_yi	NOM_DAT	NOM_DAT	NOM_DAT	NOM_ALL	NOM_ILL/DAT	NOM_ALL	NOM_LOC	NOM_LOC/INS	SBJ_a	NOM_LAT	ABS_LOCkede	NOM_naACC	NOM_DAT	NOM_kDAT	NOM_vidACC	NOM_daGEN	NOM_ILL	SBJ_na	NOM_CONT	ABS_LOC.TOP	SBJ_ta	NOM_comOBJ	NOM_NOMbordy	NOM_zaACC	SBJ_za	ABS_DAT	SBJ_al	NOM_DAT	ABS_DAT	ABS_SUPLAT	NOM_GENool	ABS_SUBCONT	NOM_ILL	SBJ_le	SBJ_i	NOM_SUPER
82	lose#game#	X (lose) to Y	проиграть	X (проиграть) Y-у	NOM_DAT			NOM_ALL		NOM_DAT		ERG_DAT	SBJ_contre	NOM_gegenACC	NOM_CONTESS	NOM_DAT	NOM_DAT	NOM_DAT	TR	NOM_ABL	NOM_DAT			ABS_DAT	NOM_apoACC	NOM_DAT	NON_tekNOM		SBJ_le	NOM_DAT	NOM_DAT	NOM_DAT	SBJ_to	SBJ_gei	NOM_zINS	SBJ_van	SBJ_con	NOM_DAT	NOM_DAT	NOM_odGEN	TR	SBJ_mot	NOM_in.fata		NOM_DAT	NOM_DAT		ERG_DAT.SOC	NOM_DAT	NOM_DAT				NOM_DAT	NOM_DAT	NOM_DAT	NOM_szembenINS		NOM_DAT		NOM_GENkache		NOM_DAT		NOM_zINS	NOM_ABL	NOM_sINSTR	NOM_fyrirDAT	NOM_DAT	NOM_ALL	SBJ_od	NOM_SUP.EL	LOC.TOP_ABS	SBJ_bha	TR	NOM_DAT	NOM_odGEN	SBJ_ot	ERG_DAT	SBJ_ka	NOM_DAT		ABS_ELAT	NOM_ILL	ABS_SUPER.ELAT	NOM_GENvuestie	SBJ_le	SBJ_mot	NOM_SUPER.LAT
83	be_glad	X (be glad) about Y	радоваться	X (радоваться) Y-у	NOM_DAT	NOM_biGEN			NOM_SUPEL	NOM_DAT	NOM_EL		SBJ_de	NOM_uberDAT	NOM_SUPEL	NOM_DAT	NOM_INS	NOM_DAT	SBJ_nung	NOM_DAT	NOM_parACC			ABS_DAT	NOM_apoACC	NOM_DAT	NOM_DAT	SBJ_de	SBJ_le	DAT_NOM	NOM_DAT	NOM_ABL	SBJ_about	TR	NOM_zGEN	SBJ_met	SBJ_per	NOM_DAT	NOM_SUPER	NOM_DAT	ABS_ALL	SBJ_for	NOM_gratie		NOM_DAT	NOM_ponda	NOM_DAT	DAT_GEN	NOM_DIR	NOM_DAT	SBJ_la	SBJ_mati	SBJ_yi	NOM_DAT	NOM_DAT	NOM_DAT	NOM_DAT	NOM_ILL/DAT				SBJ_en.causa.de	NOM_DAT	ABS_IO	NOM_GEN	TR	NOM_nadINSTR	NOM_medACC	NOM_DAT	NOM_ELA	SBJ_za	NOM_DAT	ABS_LOC.BEHIND	lan_wun	NOM_CSL	NOM_DAT	NOM_DAT	SBJ_DAT(na)		SBJ_bi	NOM_DAT		ABS_SUPLAT	NOM_GENdiott	ABS_DAT	NOM_GENavteste	SBJ_legabej	SBJ_over	NOM_CONT.EL
84	speak	X (speak) with Y	разговаривать	X (разговаривать) с Y-ом	NOM_sINS	NOM_maaGEN	ACT_ndive	NOM_COM		NOM_COM	NOM_GENkans	ERG_COM	SBJ_a	NOM_mitDAT		NOM_CONTR	NOM_suINS	NOM_ASSOC	SBJ_ciemuey	NOM_menan	NOM_arACC	SBJ_ya	SBJ_ta	ABS_POESSgalaz	NOM_meACC	NOM_DAT	NOM_meACC	SBJ_con	SBJ_le	NOM_DAThet	NOM_ile	NOM_INS	SBJ_with	SBJ_he	NOM_zINS	SBJ_met	SBJ_con	NOM_COM	NOM_COM	NOM_sINS	ABS_COM	SBJ_med	NOM_cu	ERG_INSTR	NOM_zINS	NOM_COM	NOM_marto	NOM_DAT	NOM_INS	NOM_LOC	SBJ_ye	SBJ_di	SBJ_da	NOM_COM	NOM_COM	NOM_COM	NOM_INS	NOM_marxta	NOM_COM	NOM_DIR	NOM_GENsange	SBJ_a	NOM_dono	ABS_IO	NOM_zINS	NOM_cumABL	NOM_sINSTR	NOM_vidACC	NOM_zINS	NOM_GENkanssa	SBJ_so	NOM_COM	ABS_COM	SBJ_lan	NOM_INS	NOM_INS	NOM_sINS	SBJ_s	ERG_ABL	SBJ_men	NOM_INS	ERG_INSTR	ABS_ILL.COMIT	NOM_COM	ABS_COMIT	NOM_COM	SBJ_im	SBJ_med	NOM_COM
85	give_birth	X (give birth) to Y	рожать	X (рожать) Y-а	TR	TR		NOM_PART	TR	TR	TR	ABS_INS	TR	TR	TR	TR	TR	TR	TR	GEN_NOM	TR	TR	TR	TR	TR	TR	TR	TR	DO_SBJ	TR	TR	TR	SBJ_to	TR	TR	TR	TR	TR	TR	TR	TR	TR	TR	TR	TR	TR	TR	TR	TR	TR	SBJ_la	TR	TR	TR	TR	TR	TR	TR	TR	TR	TR	SBJ_de	TR	TR	TR	TR	TR	TR	TR	TR	TR	DAT_NOM	BEN_ABS	TR	TR	TR	TR	TR	TR	TR	TR	TR	TR	TR	DAT_ABS	TR	TR	TR	TR
86	drop	X (drop) Y	ронять	X (ронять) Y	TR	TR		NOM_PART		TR	TR	TR	TR	TR		TR	TR	TR	TR	TR	TR	TR	TR	TR	TR	TR	TR	TR	TR	TR	TR	TR	TR	TR	TR	TR	TR	TR	DAT_NOM	DAT_NOM	TR	TR	TR	TR	TR	TR	TR	DAT_NOM	TR	TR	TR		TR	TR	TR	TR	TR	TR	TR	TR		TR	TR	TR	TR	TR	TR	TR	TR	TR	DAT(na)_SBJ	APUD.EL_NOM	LOC.HAND.LOC.TIP_ABS	gon_SBJ	TR	TR	DAT_NOM	TR	TR	TR	TR	TR	TR	TR	APUD.ELAT_ABS	TR	TR	TR	TR
87	govern	X (govern) Y	руководить	X (руководить) Y	NOM_INS	TR	TR	NOM_PART		TR	TR	TR	TR	TR		TR	NOM_DAT	TR		TR				ERG_SRESS	TR	NOM_GEN	TR	TR	TR	TR	TR	NOM_pe	TR	TR	NOM_INS	TR	TR	NOM_INS		NOM_INS	ABS_LOC		TR	ERG_DAT	NOM_INS	NOM_INS		TR	TR		TR	TR	TR	TR	NOM_INS	TR	TR	NOM_lanksa	NOM_DAT		TR	TR	NOM_dono	TR	TR	TR	TR	NOM_iDAT	NOM_INS	NOM_PART	SBJ_so	ERG_DAT	ABS_POSS	TR	NOM_INS	NOM_INS	NOM_GEN	TR	ABS_GEN	SBJ_BARE	NOM_INS		ABS_GEN	TR		TR	TR	TR	NOM_INTER
88	miss	X (miss) Y	скучать	X (скучать) по Y-у	NOM_poDAT	NOM_ilaaGEN	TR	NOM_PART		TR	NOM_PART	TR	SBJ_sans	NOM_nachDAT			NOM_GEN	TR	SBJ_dal	TR	NOM_pecGEN			ABS_POESS	GEN_NOM	TR	NOM_perACC	TR	TR	TR	NOM_ucun	NOM_pa	TR	TR	NOM_zaINS	TR		NOM_ELA	TR	DAT_NOM	TR	SBJ_etter	DAT_de	ERG_DAT	NOM_zaINS	NOM_ponda	NOM_kiINE	DAT_NOM	TR	NOM_GENneon	OBJ_SBJ	TR		TR	TR		DAT_NOM	NOM_DAT	NOM_PROL		GEN_GENjanya	SBJ_shens	NOM_gec	TR	DAT_poDAT	TR	NOM_poLOC	NOM_GEN	NOM_paDAT	NOM_PART	DAT(na)_SBJ	DAT_POST	ABS_BEN		NOM_CSL	NOM_ABL	DAT_NOM	SBJ_za	ERG_BEN	SBJ_bar	TR	ERG_DAT	SUPLAT_POST.ELAT	TR	ABS_POST.LAT	TR	SBJ_le	TR	NOM_INST
89	follow	X (follow) Y	следовать	X (следовать) за Y-ом	NOM_zaINS	TR		NOM_ALL		NOM_GENsoonda	NOM_GENjalest	ERG_DAT	TR	NOM_DAT		NOM_DAT	TR	TR	TR			SBJ_zuo			TR	NOM_DAT	TR	TR	TR	NOM_DAT	TR	NOM_pala	TR	TR	NOM_zaINS	TR	TR		NOM_fasta	TR	ABS_ALL	SBJ_etter	TR		NOM_zaINS			NOM_DAT		NOM_GENpoon	TR	TR	TR	NOM_GENpesinden	TR	NOM_xojnohoo	TR		TR		TR	TR	NOM_pastek	ABS_jceqwa	NOM_DAT	TR	NOM_zaINSTR	TR	NOM_zaINS	NOM_PART	TR	NOM_ATRzibra	ABS_PPweze	SBJ_ken	NOM_xicen	NOM_NOMsory	NOM_zaINS	TR	ABS_GENbacanexun	SBJ_bar	NOM_GENartynan	ABS_DAT	ABS_POST	TR	ABS_GENxupaqas	TR	SBJ_axarej	TR	NOM_CONT
90	dismount	X (get down) from Y	слезать	X (слезать) с Y-a (с лошади)	NOM_sGEN	NOM_minGEN		NOM_EL		NOM_ABL		ABS_ABL	SBJ_de	NOM_vonDAT		NOM_ABL	NOM_nuoGEN	NOM_ABL	SBJ_pi	NOM_ABL	NOM_noGEN	SBJ_ta		ABS_SREL	NOM_apoACC	NOM_apoGEN	NOM_ngaNOM	SBJ_de	SBJ_de	NOM_ABL	NOM_ABL	NOM_pa	SBJ_from	TR	NOM_zGEN	SBJ_van	SBJ_da	NOM_vylys	NOM_ABL	NOM_sGEN	ABS_ABL	SBJ_ned.av			NOM_zGEN	NOM_vylis	NOM_langELA	NOM_INS.EL	NOM_ABL	NOM_GENniz	SBJ_santo	SBJ_di	SBJ_yi	NOM_ABL	NOM_ABL	NOM_ABL	NOM_DEL	NOM_lanksta	NOM_ABL	NOM_ABL	NOM_theke	SBJ_de	NOM_gec	ABS_LOCkne	NOM_zGEN	NOM_ABL	NOM_zGEN	NOM_afDAT	NOM_zGEN	NOM_ELA	SBJ_od	NOM_SUP.EL	ABS_DAT	SBJ_ta	NOM_cinABL	NOM_NOMvylys	NOM_sGEN	SBJ_ot	ABS_ABL	SBJ_men	NOM_ABL	ABS_gour	ABS_ELAT	NOM_LOC	ABS_SUPER.ELAT	NOM_ELA	SBJ_mi	TR	NOM_SUPER.EL
91	listen	X (listen) to Y	слушать	X (слушать) Y	TR	TR	TR	TR		TR	NOM_PART	TR	TR	TR	TR	TR	NOM_GEN	TR	TR	TR	NOM_LOC	TR	SBJ_ma	ERG_POESS	TR	NOM_GEN	TR	TR	SBJ_le	TR	NOM_DAT	TR	SBJ_to	TR	NOM_GEN	SBJ_naar	TR	TR		TR	TR	SBJ_pa	NOM_la	ERG_ALL	TR	TR	TR	ERG_DAT	TR	NOM_GENdez	TR	TR	TR	TR	TR	TR	TR	TR	TR	TR	TR	TR	TR	ABS_BEN	TR	TR	TR	NOM_aACC	TR	NOM_PART	TR	ERG_POST	ABS_DAT	SBJ_bha	TR	TR	TR	TR	TR	TR	TR	ERG_ALL	ABS_SUPLAT	TR	ERG_POST	TR	SBJ_le	SBJ_pa	NOM_SUPER.LAT
92	obey	X (obey) Y	слушаться	X (слушаться) Y-a	TR					TR	NOM_PART	ERG_DAT	SBJ_a	NOM_DAT				TR			NOM_DAT	TR	SBJ_be		TR	NOM_DAT	TR	TR	SBJ_le	TR			TR		NOM_GEN		SBJ_a	NOM_ABL			ABS_ALL	SBJ_pa	TR	ERG_ALL	TR	TR	NOM_ejINE	ERG_DAT	TR	NOM_DAT	TR	TR	TR			TR	NOM_SUB	TR	TR			SBJ_a	TR	ABS_BEN	TR	NOM_DAT	TR	NOM_DAT	NOM_GEN	NOM_PART	TR	ERG_POST	ABS_DAT		TR	NOM_ABL	TR	TR		SBJ_ka	TR	ERG_ALL	ABS_SUPLAT	TR	ERG_SUPER	TR	SBJ_le	TR	NOM_SUPER.LAT
93	hear	X (hear) Y	слышать	X (слышать) Y	TR	TR	TR	NOM_PART	AFF_NOM	TR	TR	TR	TR	TR	AFF_NOM	DAT_NOM	TR	TR	TR	TR		TR	TR		TR	TR	TR	TR	TR	TR	TR	TR	TR	TR	TR	TR	TR	TR	NOM_ALL	TR	TR	TR	TR	DAT_NOM	TR	TR	TR	DAT_NOM	TR	TR	TR	TR	TR	TR	TR	TR	TR	TR	TR	TR	TR	TR	TR	TR	TR	TR	TR	TR	TR	NOM_PART	TR	DAT_ATR	TR	TR	TR	TR	TR	TR	TR	TR	TR	ERG_ALL	TR	TR	DAT_ABS	TR	TR	TR	AFF_NOM
94	mix	X (get mixed) with Y	смешаться	X (смешаться) с Y-ом	NOM_sINS	NOM_maaGEN		NOM_COM		NOM_COM	NOM_GENkans	ABS_COM	SBJ_avec	NOM_mitDAT		NOM_CONTR	NOM_suINS	NOM_COM	SBJ_nung	NOM_menan		SBJ_ya	SBJ_ta	ABS_POESSgalaz	NOM_meACC	NOM_DAT	NOM_meACC	SBJ_con	SBJ_le	NOM_DAThet	NOM_ile	NOM_INS	SBJ_with	SBJ_he	NOM_zINS	SBJ_met	SBJ_con	NOM_COM	NOM_COM	NOM_sINS	ABS_COM	SBJ_med	NOM_cu		NOM_zINS	NOM_INS	NOM_marto	NOM_DAT	NOM_INS	NOM_LOC		SBJ_di		NOM_COM	NOM_kytta	NOM_COM	NOM_INS	NOM_marxta	NOM_COM	NOM_INS	NOM_LOC/INS	SBJ_dab	NOM_dono	ABS_LOCla	NOM_zINS	NOM_cumABL	NOM_vLOC	NOM_vidACC	NOM_zINS	NOM_ILL	SBJ_so		ABS_LOC.AMONG		NOM_INS	NOM_INS	NOM_sINS	SBJ_s	ABS_DAT	SBJ_bi	NOM_INS	ABS_INSTR	ABS_ILL.COMIT	NOM_COM	ABS_INTER		SBJ_im	SBJ_med	NOM_COM
95	look	X (look) at Y	смотреть	X (смотреть) на Y	NOM_naACC	NOM_ilaaGEN	ACT_re	NOM_PART	NOM_ALL	NOM_ALL1	NOM_GENpialle	ERG_DAT	TR	NOM_aufACC	NOM_ADESS	TR	NOM_iACC	TR		NOM_DAT	NOM_uzACC	TR	SBJ_ba	ABS_DAT	TR	NOM_eisACC	TR	TR	SBJ_ar	NOM_DAT	NOM_DAT	NOM_pe	SBJ_at	TR	NOM_naACC	SBJ_naar	TR	NOM_vylo	NOM_ALL	NOM_uACC	TR	SBJ_pa	NOM_la	NOM_ALL	NOM_naACC	NOM_SUPLAT	NOM_langILL	ERG_DAT	NOM_DIR	NOM_GENdez	TR	TR	TR	NOM_DAT	TR	TR	TR	NOM_lanks	TR	NOM_DIR	NOM_GENdike	TR	NOM_veke	ABS_IO	TR	TR	TR	NOM_aACC	NOM_naACC	NOM_PART	SBJ_na	NOM_POST	ABS_DAT	TR	NOM_cinOBJ	NOM_NOMshory	TR	TR	ERG_GENloxol	SBJ_al	NOM_DAT	ABS_ALL	ABS_SUPLAT	NOM_GENarra	ABS_DAT	TR	SBJ_al	SBJ_pa	NOM_SUPER.LAT
96	take_off	X (take off) Y	снимать	X (снимать) Y (рубашку)	TR	TR	TR	NOM_EL	TR	TR	TR	TR	TR	TR	TR	TR	TR	TR		TR	TR	TR	TR	TR	TR	TR	TR	TR	TR	TR	TR	TR	TR	TR	TR	TR	TR	TR	TR	TR		TR	TR	TR	TR	TR	TR	TR	TR	TR	TR	TR	TR	TR	TR	TR	TR	TR	TR	TR	TR	TR	TR	LOCs_ABS	TR	NOM_ABL	TR	NOM_urDAT	TR	TR	TR	TR	TR	SBJ_bha	TR	TR	TR	TR	TR	TR	TR	TR	TR	TR	TR	TR	TR	TR	TR
97	dream#sleeping#	X (dream) about Y	сниться	X-у (сниться) Y	DAT_NOM					DAT_NOM		ERG_COM	SBJ_de	NOM_vonDAT			TR	TR			NOM_parACC	TR		DAT_ABS	TR	TR	DAT_NOM	SBJ_con	SBJ_ar	DAT_NOM	TR	DAT_NOM	SBJ_about	TR	DAT_NOM	SBJ_over		TR	TR	TR	TR	SBJ_om	TR	DAT_NOM	DAT_NOM	TR		DAT_NOM	TR	TR	SBJ_la	TR	TR	TR	TR	DAT_NOM	NOM_DEL	TR	TR	TR	TR	SBJ_a	DAT_NOM	ABS_IO	TR	TR	NOM_oLOC	ACC_ACC	DAT_NOM	NOM_ELA	SBJ_DAT(na)	DAT_NOM	TR	SBJ_ka	OBJ_NOM	TR	TR	TR	TR	TR	DAT_NOM	DAT_ABS	SUPLAT_ABS	NOM_LOC	DAT_ABS	NOM_GENbijre	SBJ_al	SBJ_om	AFF_NOM
98	agree	X (agree) with Y	соглашаться	X (соглашаться) с Y-ом	NOM_sINS	TR	ACT_pe	NOM_COM	NOM_COM	NOM_COM	NOM_GENkans	ABS_COM	SBJ_avec	NOM_DAT	NOM_COM	NOM_DAT	NOM_suINS	NOM_ASSOC	SBJ_ciemuey	NOM_menan				ABS_POESSgalaz	NOM_meACC	NOM_DAT	NOM_meACC	SBJ_con	SBJ_le	NOM_DAThet	NOM_ile	NOM_INS	SBJ_with		NOM_zINS	SBJ_met	SBJ_con	NOM_COM	NOM_COM	NOM_sINS	ABS_COM	SBJ_med	NOM_cu		NOM_zINS	NOM_COM	NOM_marto	NOM_DAT	NOM_INS		SBJ_ma	SBJ_di	SBJ_da	NOM_DAT	NOM_COM	NOM_COM	NOM_INS	NOM_marxta	NOM_DAT		NOM_GENsange	SBJ_dab	NOM_dono	ABS_IO	NOM_zINS	NOM_DAT	NOM_sINSTR	NOM_DAT	NOM_zINS	NOM_GENkanssa	SBJ_so	NOM_COM	ERG_COM.DAT		NOM_INS	NOM_INS	NOM_sINS	SBJ_s	ABS_ABL	SBJ_men	NOM_INS	ABS_DAT		NOM_COM	ABS_COMIT		SBJ_im	TR	NOM_SUPER
99	have_a_quarrel	X (have a quarrel) with Y	ссориться	X (ссориться) с кем Y	NOM_sINS	NOM_maaGEN	ACT_ndive	NOM_COM	NOM_COM	NOM_COM	NOM_GENkans	ABS_COM	SBJ_avec	NOM_mitDAT	NOM_COM	NOM_CONTR	NOM_suINS	NOM_ASSOC	SBJ_ciemuey	NOM_menan		SBJ_va		ABS_POESSgalaz	NOM_meACC	NOM_DAT	NOM_meACC	SBJ_con	aige_le	NOM_DAThet	NOM_ile	NOM_INS	SBJ_with	SBJ_he	NOM_zINS	SBJ_met	SBJ_con	NOM_COM	NOM_COM	NOM_sINS	ABS_COM	SBJ_med	NOM_cu		NOM_zINS	NOM_COM	NOM_marto		NOM_INS	NOM_LOC		SBJ_di		NOM_COM	NOM_COM	NOM_COM	NOM_INS	NOM_marxta	NOM_COM		NOM_GENsange	SBJ_dab		ABS_IO	NOM_zINS	NOM_cumABL	NOM_sINSTR	NOM_vidACC	NOM_zINS	NOM_GENkanssa	SBJ_so	NOM_COM	ABS_BEN		NOM_INS	NOM_INS	NOM_sINS	SBJ_s	ERG_ABL	SBJ_men	NOM_INS	GEN_INSTR	ABS_ILL.COMIT	NOM_COM	ERG_COMIT	NOM_COM	SBJ_im	SBJ_med	NOM_COM
100	cost	X (cost) Y	стоить	X (стоить) Y (один доллар)	TR					NOM_NOM(NO.AGR)	NOM_NOM	TR	TR	TR		TOP_ZERO	TR	NOM_NOM_	TR	TR	TR				TR	NOM_GEN	TR	TR	TR	NOM_NOM		NOM_NOM	TR	TR	TR	TR		NOM_NOM	TR	TR		TR	TR	LAT_NOM	TR	NOM_NOM		NOM_NOM_	NOM_NOM(NO.AGR)		SBJ_la			TR		NOM_NOM	NOM_ILL		POSS_NOM	NOM_NOM		TR	TR	IO_ABS	TR	NOM_ABL	TR	TR	TR	TR	TR	NOM_DAT	INAL.POSS_ABS		TR	NOM_NOM	TR	TR	GEN_ABS	TR	TR	GEN_ABS	ABS_SUPLAT	NOM_NOM			TR	TR	GEN_NOM
101	shoot_at	X (shoot) at Y	стрелять	X (стрелять) в Y-а	NOM_vACC	NOM_alaaGEN	ACT_re			NOM_ALL1	NOM_PART	ERG_DAT	SBJ_sur	NOM_aufACC	ERG_ADESS	TR	NOM_iACC	TR	TR	NOM_DAT		SBJ_la	SBJ_ma	TR	TR	NOM_GEN		SBJ_contra	SBJ_faoi	NOM_DAT	NOM_DAT	NOM_ando	SBJ_at	SBJ_xiang	NOM_doGEN	SBJ_op	SBJ_a	NOM_ILL		NOM_uACC	TR	SBJ_pa	TR	ERG_DAT	NOM_vACC	NOM_DAT	NOM_jonLAT	ERG_DAT	TR	TR	TR	TR	SBJ_yi	NOM_DAT	TR	TR	NOM_SUB	NOM_lanks	TR	TR		SBJ_sus	NOM_veke	ABS_IO	NOM_vACC	NOM_inACC	NOM_naACC	NOM_aACC	NOM_uACC	NOM_PART	SBJ_vo	ERG_POST	ABS_DAT		TR	NOM_NOMshory		SBJ_po	TR	SBJ_gu	TR	ERG_DAT	ERG_SUPLAT	NOM_GENvuastta	ERG_DAT	TR	SBJ_be	SBJ_mot	ERG_SUPER.LAT
102	pour	X (pour) Y	сыпать	X (сыпать) Y	TR	TR		TR		TR	NOM_PART	TR	TR	TR	TR	TR	TR	TR	TR	TR		TR	TR	TR	TR	TR	TR	TR	TR	TR	TR	TR	TR	TR	TR	TR	TR	TR	TR	TR	TR		TR	TR	TR	TR	TR	TR	TR	TR	TR	TR	TR	TR	TR	TR	TR	TR	TR	TR	TR	TR	TR	TR	TR	TR	TR	NOM_DAT	TR	TR	TR	TR	TR	TR	TR	TR	TR	TR	TR	TR	TR	TR	TR	TR	TR	TR	TR	TR	TR
103	lose	X (lose) Y	терять	X (терять) Y	TR	TR		TR	TR	TR	TR	TR	TR	TR	TR	TR	TR	TR	TR	TR	TR	TR	TR	TR	TR		TR	TR	TR	TR	TR	TR	TR	TR	TR	TR	TR	TR	TR	TR	TR	TR	TR	TR	TR	TR	TR	TR	TR	TR	POSS_SBJ	ati_SBJ		TR	TR	TR	TR	TR	TR	TR	TR	TR	TR	MAL_ABS	TR	TR	TR	NOM_DAT	TR	TR	TR	APUD.EL_NOM	TR	TR	TR	TR	TR	TR	TR	TR	TR	TR	TR	TR	APUD.ELAT_ABS	TR	TR	TR	TR
104	sink	X (sink) in Y	тонуть	X (тонуть) в Y-е	NOM_vLOC	NOM_fiiGEN		NOM_IL		NOM_ALL1	NOM_ILL	ABS_IN	SBJ_dans	NOM_inDAT		NOM_DAT	NOM_iACC	NOM_DAT		NOM_DAT	NOM_LOC	SBJ_wuo		ABS_INESS	NOM_seACC	NOM_enDAT	NOM_neACC	SBJ_en	SBJ_i	NOM_DATmej	NOM_LOC	NOM_ando	SBJ_in	SBJ_zai	NOM_wLOC	SBJ_in	SBJ_in	NOM_INE	NOM_INESS	NOM_uACC	ABS_INESS	SBJ_i	NOM_in		NOM_vLOC	NOM_ILL	NOM_ILL	NOM_DAT.INESS	NOM_DIR	NOM_DAT	SBJ_kono	SBJ_di	SBJ_yi	NOM_LOC	NOM_DAT	NOM_soo	NOM_ala	NOM_ILL/DAT	NOM_DAT	NOM_LOC	NOM_LOC/INS	SBJ_dens	NOM_ILL	ABS_LOCca	NOM_vLOC	NOM_inABL	NOM_doGEN	NOM_iACC	NOM_uLOC	NOM_ILL	SBJ_vo	NOM_IN	ABS_LOC.UNDER.LOC.CONT		NOM_LOC	NOM_ILL	NOM_uACC	SBJ_v	ABS_DAT	SBJ_gu	NOM_DAT	ABS_buxa	ABS_SUB	NOM_GENvualla	ABS_INTER		SBJ_be	SBJ_i	NOM_INTER
105	kill	X (kill) Y	убивать	X (убивать) Y-а	TR	TR		TR	TR	TR	TR	TR	TR	TR	TR	TR	TR	TR	TR	TR	TR	TR	TR	TR	TR	TR	TR	TR	TR	TR	TR	TR	TR	TR	TR	TR	TR	TR	TR	TR	TR	TR	TR	TR	TR	TR	TR	TR	TR	TR	TR	TR	TR	TR	TR	TR	TR	TR	TR	TR	TR	TR	TR	TR	TR	TR	TR	TR	TR	TR	TR	TR	TR	TR	TR	TR	TR	TR	TR	TR	TR	TR	TR	TR	TR	TR	TR	TR	TR
106	hit	X (hit) Y	ударить	X (ударять) Y-а	TR	TR		NOM_PART		TR	TR	TR	TR	TR	ERG_CONTESS	TR	NOM_DAT	TR	TR	NOM_DAT	NOM_DAT	TR	TR	TR	TR	TR	TR	SBJ_DAT	TR	TR	TR	NOM_ando	TR	TR	TR	TR	TR	TR	TR	TR	TR	TR	TR	ERG_DAT	TR	NOM_DAT	TR	ERG_DAT	TR	TR	TR	TR	TR	NOM_DAT	TR	TR	TR	TR	TR	TR	TR	TR	TR	ABS_IO	TR	TR	TR	TR	TR	NOM_PART	TR	ERG_SUP.EL	ABS_DAT	TR	TR	TR	TR	TR	TR	TR	TR	ERG_DAT	ERG_SUPLAT	TR	ERG_IN	TR	TR	TR	ERG_SUPER
107	kiss	X (kiss) Y	целовать	X (целовать) Y-а	TR	TR	TR	NOM_PART		TR	NOM_PART	ERG_DAT	TR	TR	ERG_CONTESS	NOM_DAT	TR	TR	TR	TR	TR	SBJ_ba		ERG_DAT	TR	TR	TR	SBJ_DAT	TR	TR	TR	TR	TR	TR	TR	TR	TR	TR	NOM_DAT	TR	TR	TR	TR	ERG_DAT	TR	TR	TR	ERG_DAT	TR	TR	TR		TR	TR	TR	TR	TR	TR	TR	TR	TR	TR	TR	ERG_IO	TR	TR	TR	TR	TR	NOM_PART	TR	ERG_DAT	ABS_DAT	SBJ_bha	TR	TR	TR	TR	TR	TR	TR	ERG_DAT	ERG_SUPLAT	TR	ERG_DAT	TR	TR	TR	ERG_SUPER
108	read	X (read) Y	читать	X (читать) Y-а	TR	TR	TR	TR	TR	TR	TR	TR	TR	TR	TR	TR	TR	TR	TR	TR	TR		TR	TR	TR	TR	TR	TR	TR	TR	TR	TR	TR	TR	TR	TR	TR	TR	TR	TR	TR	TR	TR	TR	TR	TR	TR	TR	TR	TR	TR	TR	TR	TR	TR	TR	TR	TR	TR	TR	TR	TR	TR	ABS_IO	TR	TR	TR	TR	TR	TR	TR	TR	ABS_DAT	TR	TR	TR	TR	TR	TR	TR	TR	TR	TR	TR	TR	TR	TR	TR	TR
109	move#bodypart#	X (move) Y	шевелить	X (шевелить) Y-ом	NOM_INS	TR		NOM_PART	TR	TR	NOM_AD	TR	TR	TR		TR	TR	TR	TR	TR	TR	TR	TR	TR	TR	TR	TR	TR	TR	TR	TR	NOM_INS	TR	TR	NOM_INS	TR	TR	NOM_INS	TR	NOM_INS	TR	SBJ_pa	TR	TR	NOM_INS	NOM_INS	TR	TR	NOM_INS	NOM_LOC	TR	TR	TR	TR	TR	NOM_INSTR	TR	TR	TR	TR	TR	TR	TR	TR	NOM_zINS	TR	NOM_INSTR	TR	NOM_INS	NOM_PART	SBJ_so	TR	TR	TR	TR	TR	TR	TR	TR	TR	TR	TR	TR	TR	TR	TR	TR	SBJ_pa	TR
110	respect	X (respect) Y	уважать	X (уважать) Y-а	TR	TR				TR	NOM_EL	TR	TR	TR		TR	TR	TR		TR	TR	TR	SBJ_ma	ERG_DAT	TR	TR	TR	TR	aige_ar	TR	NOM_DAT	NOM_pe	TR	TR	TR	TR	TR	TR	NOM_DAT	TR	TR	TR	TR		TR	TR		ERG_DAT			TR	TR	TR	NOM_DAT	TR	TR	TR	TR		TR	TR	TR	TR	ERG_LOCkwe	TR	TR	NOM_GEN	NOM_fyrirDAT	TR	NOM_PART	TR	NOM_DAT	ABS_BEN	TR	TR	TR	TR	TR	TR	TR	TR	TR	ERG_GEN	TR	TR	TR	TR	TR	TR
111	be_squeamish	X (be squeamish) about Y	брезговать	X (брезговать) Y-ом	NOM_INS					NOM_ABL	NOM_EL			TR			NOM_INS	NOM_ABL		NOM_ABL	TR	SBJ_ba			TR		NOM_ngaNOM	DAT_SBJ		NOM_ABL	NOM_ABL	NOM_ABL	SBJ_about		NOM_INS	SBJ_van	SBJ_di	TR	NOM_ALL		ABS_ALL			DAT_NOM	NOM_INS	TR	NOM_ABL	DAT_NOM	NOM_INS	TR	SBJ_la	TR	SBJ_yi	NOM_ABL	NOM_ABL		NOM_SUB	NOM_ABL/ezda	NOM_ABL			a_SBJ	NOM_gec	ABS_MAL	DAT_NOM	TR	NOM_GEN	NOM_vidDAT	NOM_INS	NOM_PART	SBJ_od		TR		NOM_ABL	NOM_ABL	DAT_NOM	SBJ_ot	ERG_ABL	SBJ_men	NOM_ABL	DAT_ABS			DAT_ABS		SBJ_mi	SBJ_av	NOM_SUPER
112	be_content	X (be content) with	быть довольным	X (быть довольным) Y-ом	NOM_INS	NOM_biGEN				NOM_DAT	NOM_EL	ABS_COM	SBJ_de	NOM_mitDAT		NOM_DAT	NOM_INS	NOM_DAT		NOM_menan				ABS_SREL	NOM_meACC	TR	NOM_meACC	SBJ_con	SBJ_le	NOM_ABL	NOM_ABL	DAT_pala	SBJ_with	SBJ_dui	NOM_zGEN	SBJ_met	SBJ_di	NOM_INS	NOM_ABL	NOM_INS	TR	SBJ_med	NOM_de	NOM_DAT	NOM_INS	NOM_ponda		NOM_INS	NOM_ABL		SBJ_la	TR	SBJ_yi	NOM_ABL	NOM_INS		NOM_INS	NOM_ezda	NOM_INSTR	NOM_INS	NOM_niye	SBJ_de	NOM_dono	ABS_BEN	NOM_zINS	NOM_ABL	NOM_sINSTR	NOM_medACC	NOM_INS	NOM_ILL	SBJ_od	NOM_SUP	ABS_BEN		NOM_INS	NOM_INS	NOM_INS	SBJ_ot	ABS_ABL	SBJ_bi	NOM_INS	ABS_DAT	ABS_SUPLAT	NOM_GENdiott	ABS_SUPER	NOM_COM	SBJ_mi	SBJ_med	NOM_SUPER
113	fall_in_love	X (fall in love) with Y	влюбляться	X (влюбляться) в Y-a	NOM_vACC	TR				NOM_DAT	TR	ABS_INS	SBJ_de	NOM_inACC		NOM_DAT	TR	NOM_DAT		NOM_DAT	NOM_LOC		SBJ_ga	ABS_SRES	NOM_meACC		NOM_meACC	SBJ_de	SBJ_le	NOM_DATvra	NOM_DAT	NOM_ando	SBJ_with	TR	NOM_wLOC	SBJ_op	SBJ_di	DAT_NOM		NOM_uACC	TR	SBJ_i	NOM_de	DAT_NOM	NOM_vACC	NOM_SUPLAT		DAT_NOM	TR		TR	TR	TR	NOM_DAT	TR	NOM_DAT	NOM_ILL		TR	TR		SBJ_de	TR	ABS_IO	NOM_vACC	TR	NOM_doGEN	NOM_afDAT	NOM_uACC	NOM_ILL	SBJ_vo	DAT_NOM	TR	gi_POSS.SBJ	TR	NOM_DAT	NOM_uACC	SBJ_v	TR	BARE_men	NOM_DAT	DAT_ABS	ERG_SUPLAT	NOM_COM	DAT_ABS	TR	SBJ_be	SBJ_i	NOM_SUPER.LAT
114	trust	X (trust) Y	доверять	X (доверять) Y-у	NOM_DAT	NOM_alaaGEN				NOM_DAT	NOM_ALL	ABS_COM	SBJ_a	NOM_DAT		TR	NOM_INS	NOM_DAT			NOM_DAT	SBJ_ta	SBJ_ya	ERG_DAT	TR	NOM_DAT	NOM_DAT	SBJ_en	aige_as	NOM_DAT	NOM_DAT	NOM_DAT	TR	TR	NOM_DAT	TR	SBJ_di			NOM_uACC	ABS_ALL	SBJ_pa	NOM_in	NOM_LAT	NOM_DAT	NOM_DAT	NOM_DAT	NOM_DAT	TR	NOM_DAT	SBJ_la	TR	SBJ_yi	NOM_DAT	NOM_DAT	NOM_DAT	NOM_INE	NOM_lanks	TR		TR	SBJ_a	NOM_DAT	ERG_BEN	NOM_DAT	NOM_DAT	NOM_DAT	NOM_DAT	NOM_DAT	NOM_ILL	SBJ_DAT(na)	NOM_SUP	ERG_BEN	SBJ_lie	TR	NOM_DAT	NOM_uACC	SBJ_DAT(na)	TR	SBJ_bi	NOM_DAT	ABS_LAT	ABS_SUPLAT	TR	ABS_POST	TR	SBJ_al	TR	NOM_SUPER.LAT
115	sympathise	X (sympathise) with Y	жалеть	X (жалеть) Y-а	TR					TR	NOM_PART	ABS_INS	SBJ_de	TR			DAT_GEN	NOM_DAT		TR		SBJ_la		ERG_DAT	NOM_meACC	TR	DAT_NOM	TR	aige_le	TR	GEN_DAT	DAT_ABL	SBJ_with	TR	NOM_GEN	SBJ_met	SBJ_di	TR	NOM_DAT	DAT_GEN	TR	SBJ_pa	DAT_de	DAT_LAT	TR	TR	NOM_ejINE	DAT_NOM	TR	TR	SBJ_ye	TR	SBJ_yi	NOM_DAT	TR	TR	NOM_INS	TR	TR	TR	NOM_GENjanya	TR	TR	JUD_ABS	DAT_NOM	NOM_GEN	DAT_GEN	NOM_medDAT	TR	NOM_PART	TR	TR			TR	TR	DAT_GEN	DAT(na)_za	TR	BARE_BARE	TR	DAT_LAT	GEN_SUPLAT	TR	DAT_ABS		SBJ_al	SBJ_med	GEN_SUPER.LAT
116	envy	X (envy) Y	завидовать	X (завидовать) Y-у	NOM_DAT	TR				NOM_DAT	NOM_ALL	ABS_DAT	TR	TR			NOM_DAT	NOM_DAT		NOM_ABL	TR	SBJ_ba		ABS_SRES	TR	NOM_DAT	TR	TR	aige_le	NOM_DAT	NOM_DAT	NOM_DAT	TR	TR	NOM_DAT	SBJ_op	TR	NOM_DAT	NOM_ALL	NOM_DAT	ABS_ALL	TR	TR	NOM_LAT	NOM_DAT	NOM_DAT	NOM_langILL	DAT_GEN	NOM_DIR		TR	TR	SBJ_yi	TR	NOM_DAT	NOM_DAT	NOM_SUB	NOM_lanks			TR	TR	NOM_veke	ABS_COM	NOM_DAT	NOM_DAT	NOM_DAT	TR	NOM_DAT	NOM_PART	SBJ_DAT(na)	NOM_SUP	ABS_DAT		TR	NOM_DAT	NOM_DAT	SBJ_DAT(na)	ERG_BEN	SBJ_bi	NOM_DAT	GEN_INSTR		TR		TR	SBJ_be	SBJ_pa	GEN_SUPER
117	be_angry	X (be angry) with Y	злиться	X (злиться) на Y-а	NOM_naACC					NOM_ALL1	NOM_GENpialle	ABS_COM	SBJ_contre	NOM_uberACC			NOM_antGEN	NOM_DAT		NOM_DAT		SBJ_va			NOM_meACC	NOM_DAT	NOM_meACC	SBJ_con	SBJ_le	NOM_DATvra	NOM_DAT	NOM_pe	SBJ_with	SBJ_dui	NOM_naACC	SBJ_op	SBJ_con			NOM_naACC	ABS_ALL	SBJ_pa	NOM_pe	NOM_DAT	NOM_naACC	NOM_SUPLAT	NOM_langILL	NOM_DAT.SUPERESS	NOM_DIR	NOM_GENdez	SBJ_bulu	TR	SBJ_wure	NOM_DAT	NOM_DAT	NOM_DAT	NOM_SUB	NOM_lanks	NOM_ALL	NOM_DIR	NOM_GENopar	SBJ_contra	NOM_veke	ABS_BEN	NOM_naACC	NOM_DAT	NOM_naACC	NOM_vidACC	NOM_naACC	NOM_ALL	SBJ_na	NOM_SUP.EL	ABS_BEN	zuwee_bha	NOM_cinOBJ	GEN_DAT	NOM_naACC	SBJ_DAT(na)	ABS_GENloxol	SBJ_al	NOM_DAT	ABS_DAT	ABS_SUPLAT	NOM_GENool	DAT_SUBCONT.ELAT	NOM_ILL	SBJ_al	SBJ_pa	GEN_SUPER.LAT
118	be_surprised	X (be surprised) at Y	удивляться	X (удивляться) Y-у	NOM_DAT	NOM_minGEN				TR	NOM_ALL	ABS_INS	SBJ_par	NOM_uberACC		NOM_DAT	NOM_INS	NOM_DAT		NOM_DAT	NOM_arACC		SBJ_ga	ABS_SRES	NOM_meACC	TR	NOM_ngaNOM	DAT_SBJ	aige_mar.gheall.air	DAT_NOM	NOM_DAT	NOM_ABL	SBJ_with	SBJ_dui	NOM_INS	SBJ_met	SBJ_da	NOM_DAT	NOM_SUPER	NOM_DAT	ABS_ALL	SBJ_over	NOM_de	NOM_LAT	NOM_INS	NOM_SUPLAT		NOM_INS	TR	NOM_ABL	SBJ_la	OBJ_SBJ	SBJ_yi	NOM_DAT	NOM_DAT	NOM_DAT	NOM_ABL	NOM_ILL/DAT	NOM_DAT	TR		SBJ_de	NOM_DAT	TR	ACC_NOM	TR	ACC_NOM	NOM_yfirDAT	NOM_DAT	NOM_ELA	SBJ_od	NOM_SUP.EL	TR		TR	NOM_DAT	ACC_NOM	SBJ_DAT(na)	ABS_ABL	SBJ_bi	NOM_DAT	ABS_LAT	ABS_SUPLAT	NOM_GENdiott	ABS_SUPER		SBJ_mi	SBJ_av	NOM_SUPER
119	love2	X (love) Y	любить-2	X (любить) Y (чай/яблоки)	TR	TR				NOM_DAT	NOM_PART			TR		TOP_NOM	TR	NOM_DAT			TR		be_SBJ	DAT_ABS	TR	TR	DAT_NOM	DAT_SBJ	le_SBJ	TR	TR		TR	TR	TR							TR	DAT_NOM	DAT_NOM	TR	TR	TR	DAT_NOM	TR	TR	ye_SBJ	TR	da_SBJ	TR		NOM_DAT	TR	TR	TR	TR	TR	TR	TR	TR	TR	TR	TR	TR	TR	NOM_ELA	TR	DAT_NOM	POSS_ABS	kee_POSS.SBJ	TR	TR	TR	TR	TR	BARE_men	TR	DAT_ABS	SUPLAT_ABS	NOM_LOC	DAT_ABS	TR	TR	TR	AFF_NOM
120	enjoy	X (enjoy) Y	наслаждаться	X (наслаждаться) Y-ом	NOM_INS	NOM_biGEN				TR	NOM_EL	TR	SBJ_de	TR		TR	NOM_INS			NOM_menan		SBJ_ya		ERG_SBEL	TR	NOM_DAT	NOM_meACC	SBJ_de		TR		NOM_ABL	TR	TR	NOM_INS	SBJ_van	TR	NOM_INS	NOM_ABL	NOM_uLOC		TR	DAT_NOM		NOM_INS	NOM_INS	NOM_INE	ERG_INS					TR		NOM_INS	NOM_INSTR	DAT_NOM		NOM_DAT		TR	SBJ_de		ERG_NONARG.INS	NOM_vLOC	NOM_ABL	TR	DAT_NOM		NOM_PART	SBJ_so				NOM_INS	NOM_ABL	NOM_uLOC	SBJ_DAT(na)		SBJ_bi	NOM_INS		ABS_ERG				SBJ_mi	TR	ERG_CONT.EL
121	want	X (want) Y	хотеть	X (хотеть) Y-а	TR	TR				TR	TR	TR	TR	TR			NOM_GEN					SBJ_va		DAT_ABS	TR	NOM_GEN	TR	TR		TR	TR	TR	TR	TR	TR	TR	TR	TR	GEN_NOM	TR	TR	TR	TR	DAT_NOM	TR			DAT_NOM	TR	NOM_DAT	SBJ_la	TR	TR	TR	TR		TR			TR	TR	TR		IO_ABS	TR	TR	TR	ACC_iACC	TR	TR	TR	DAT_NOM	ABS_BEN		TR		TR	TR	TR	TR	TR	DAT_ABS	SUPLAT_ABS	TR	DAT_ABS		TR		DAT_NOM
122	have_a_grudge	X (have a grudge) against Y	сердиться	X (сердиться) на Y-а	NOM_naACC	NOM_alaaGEN				NOM_ALL1	NOM_GENpialle		SBJ_contre	NOM_uberACC		NOM_DAT	NOM_antGEN	NOM_DAT		NOM_DAT	NOM_uzACC			DAT_SBEL	NOM_meACC	NOM_DAT	NOM_meACC	SBJ_con	aige_DO	NOM_DATvra	NOM_DAT	NOM_pe	SBJ_against	SBJ_dui	NOM_naACC			NOM_vylo	NOM_ALL	NOM_naACC	ABS_ALL	SBJ_pa	NOM_pe	NOM_DAT	NOM_naACC	NOM_COM	NOM_langILL	NOM_DAT	NOM_DIR		SBJ_bulu	TR	SBJ_wure	NOM_DAT	NOM_DAT	NOM_DAT	NOM_SUB	NOM_lanks	NOM_ALL	NOM_DIR	NOM_GENopar	SBJ_contra	NOM_veke	ABS_BEN	NOM_naACC	NOM_DAT	NOM_naACC		NOM_naACC	NOM_ALL	SBJ_na	NOM_POST	ABS_BEN		NOM_cinOBJ	GEN_DAT	NOM_naACC	SBJ_DAT(na)	GEN_GENloxol	SBJ_al	NOM_DAT	ABS_DAT	ABS_SUPLAT		DAT_SUBCONT.ELAT	NOM_ILL	SBJ_le	SBJ_pa	NOM_SUPER
123	take_offence	X (take_offence) at Y	обижаться	X (обижаться) на Y-а	NOM_naACC	NOM_alaaGEN				NOM_DAT	NOM_GENpialle		SBJ_de	NOM_DAT				NOM_DAT		NOM_DAT				ABS_SREL	NOM_apoACC	NOM_DAT	NOM_ngaNOM	SBJ_con	ar_go.dti	NOM_ABL	NOM_DAT		SBJ_at	TR	NOM_naACC		SBJ_con	NOM_vylo	NOM_SUPER		ABS_ALL	SBJ_pa		ERG_DAT	NOM_naACC	NOM_SUPLAT	NOM_langILL	NOM_DAT.SUPERESS	NOM_DIR					NOM_DAT	NOM_ABL	NOM_DAT	NOM_SUB	NOM_lanks	NOM_ALL	NOM_DIR	NOM_GENopar	SBJ_contra	NOM_veke		NOM_DAT	NOM_ABL		NOM_vidACC	NOM_naACC	NOM_ALL	SBJ_na	DAT_SUP.EL	ERG_BEN		NOM_cinOBJ	NOM_NOMvyle	NOM_naACC	SBJ_DAT(na)	ABS_ABL	BARE_men	NOM_DAT		ABS_SUPLAT	NOM_GENdiott	ERG_SUBCONT.ELAT	NOM_ILL	SBJ_mi	SBJ_pa	NOM_SUPER
124	upset	X (upset) Y	огорчать	X (огорчать) Y-а	TR	TR				TR		TR	TR	TR		TR	TR	TR		TR			TR	TR	TR	TR	TR	TR	TR	TR	TR	TR	TR		TR	TR	TR	TR	TR	TR	TR	TR	TR	ERG_DAT	TR	TR	TR	NOM_DAT			TR	TR	TR	TR	TR	TR	TR	TR	TR	TR	TR	TR	TR		TR	TR	TR	NOM_DAT	TR	TR	TR				TR	TR	TR	TR	TR	SBJ_BARE	TR	TR	TR		TR	TR	TR	TR	TR
125	marvel	X (marvel) at Y	поражаться	X (поражаться) Y-у	NOM_DAT	NOM_biGEN				TR			SBJ_par	NOM_uberACC			NOM_INS			NOM_DAT		SBJ_ba	SBJ_ga		TR	NOM_DAT	NOM_ngaNOM	DAT_SBJ	ar_le	NOM_ABL	NOM_DAT	NOM_ABL	SBJ_at	SBJ_dui	ACC_NOM		SBJ_da	NOM_INS		NOM_INS	ABS_ALL	SBJ_over	NOM_de	NOM_LAT				NOM_INS	NOM_INS		SBJ_ma		SBJ_yi	NOM_DAT	TR			NOM_IN/marxta	NOM_ABL		NOM_theke	SBJ_de	NOM_DAT	TR	NOM_nadINS	TR	NOM_DAT	NOM_adDAT	NOM_INS	NOM_ELA	SBJ_od		TR		OBJ_NOM	NOM_DAT	ACC_NOM	SBJ_ot			NOM_DAT	ABS_LAT	ABS_SUPLAT	TR	ABS_SUPER		SBJ_mi	SBJ_over	NOM_CONT.EL
126	despise	X (despise) Y	презирать	X (презирать) Y-а	TR	TR				TR		TR	TR	TR		TR	TR							TR	TR	TR	TR	TR	aige_ar	TR	GEN_ABL	NOM_ABL	TR	TR	NOM_INS	TR	TR		TR	TR	ABS_ALL	TR	TR	DAT_NOM	TR	TR			TR		SBJ_la	TR	SBJ_yi	NOM_DAT	TR		TR	TR	TR		TR	TR			TR	TR	NOM_INSTR	TR	NOM_INS	NOM_PART	TR				TR	TR	TR	TR		BARE_men	TR			TR	TR		TR	TR	TR
127	get_upset	X (get upset) with Y	огорчаться	X (огорчаться) из-за Y-а	NOM_izzaGEN					NOM_GENdeesh	NOM_PART	ABS_MOT	SBJ_par			NOM_DAT	NOM_delGEN			NOM_DAT		SBJ_ba	SBJ_ba		NOM_meACC	NOM_diaACC	NOM_ngaNOM	SBJ_por.culpa.de	SBJ_de.dheascaibh	NOM_DATpatcarov	NOM_DATgore		SBJ_with	SBJ_yin	NOM_z.powoduGEN	SBJ_in	SBJ_per	NOM_pynda	NOM_tyxxaj	NOM_zbogGEN	ABS_ALL	SBJ_over	NOM_din.cauza	DAT_LAT	NOM_cerezACC	NOM_ponda					SBJ_la		SBJ_yi	NOM_GENuzunden	NOM_syltaan	NOM_DAT	NOM_INE		NOM_ABL		NOM_GENjanya	SBJ_per	NOM_gisan		NOM_zaradiGEN	NOM_ABL	NOM_DAT	NOM_vegnaGEN	NOM_zzaGEN	NOM_ALL	SBJ_od	NOM_SUP.EL	BEN_ABS		NOM_CSL	NOM_INSseren	NOM_INS	SBJ_ot	ABS_GENderden	BARE_men	NOM_ushin	ABS_DATdoeha	ABS_bagandan	NOM_GENool	DAT_SUBCONT		SBJ_al	SBJ_pa	GEN_SUPER.LAT
128	get_irritated	X (get irritated) with Y	раздражаться	X (раздражаться) на Y-а	NOM_naACC					NOM_ABL			SBJ_par	NOM_uberACC		NOM_DAT		NOM_DAT							NOM_meACC		NOM_meACC	SBJ_con	SBJ_faoi	NOM_DATvra	NOM_DAT	NOM_pe	SBJ_with	SBJ_dui		SBJ_aan	SBJ_con	NOM_vylo		NOM_naACC	ABS_ALL	SBJ_over		NOM_DAT	NOM_naACC	NOM_SUPLAT	NOM_langILL	NOM_DAT.SUPERESS	NOM_DIR	NOM_GENdez	SBJ_bulu	TR	SBJ_wure	NOM_DAT	NOM_DAT	NOM_DAT	NOM_SUB	NOM_lanks	NOM_ALL		NOM_GENopar	SBJ_contra				NOM_ABL	ACC_NOM	NOM_aDAT	NOM_naACC	NOM_ELA	SBJ_na				NOM_cinOBJ	NOM_NOMvyle	NOM_naACC	SBJ_DAT(na)	ABS_GENloxol	BARE_men	TR		ABS_SUPLAT	NOM_GENool		TR	SBJ_al	SBJ_pa	
129	be_fond	X (be fond) of Y	симпатизировать	X (симпатизировать) Y-у	NOM_DAT					TR	NOM_GENkohta	TR	SBJ_pour	NOM_mitDAT		NOM_DAT	NOM_DAT	DAT_NOM			NOM_DAT			DAT_SBEL	TR		TR	SBJ_con	SBJ_le	NOM_DAT	NOM_ABL		SBJ_of	SBJ_dui	TR		a_SBJ			NOM_DAT	TR		TR	DAT_NOM	NOM_DAT			DAT_NOM			TR	TR	TR	NOM_DAT	TR		TR		TR			SBJ_dab		TR	DAT_NOM	NOM_DAT	NOM_sINSTR	NOM_umACC	NOM_DAT	NOM_ELA	TR			SBJ_ka	TR		NOM_DAT	SBJ_DAT(na)	GEN_ABS	BARE_SBJ	TR		SUPLAT_ABS	NOM_LOC	DAT_ABS		TR	TR	AFF_NOM
130	be_shy	X (be shy) about Y	стесняться	X (стесняться) Y-а	NOM_GEN	NOM_minGEN				NOM_ABL	NOM_PART	ABS_INS	SBJ_par	NOM_vorDAT		TR	NOM_GEN	NOM_ABL		NOM_ABL	NOM_parACC			DAT_SBEL	NOM_giaACC	NOM_DAT	DAT_perACC	SBJ_de	ar_mar.gheall.air	NOM_ABL	NOM_ABL	NOM_ABL	SBJ_about	SBJ_yin	NOM_GEN	SBJ_voor	SBJ_di	NOM_ELA	NOM_ABL	NOM_GEN		SBJ_for	DAT_de		NOM_GEN	NOM_ELA	NOM_ejELA	DAT_GEN	NOM_INS	NOM_ABL	SBJ_la	SBJ_di	SBJ_yi	NOM_ABL	NOM_ABL	NOM_ABL	TR	TR	NOM_ABL		NOM_niye	SBJ_en.causa.de	NOM_gec	ABS_MAL	NOM_GEN		NOM_zaACC	NOM_vegnaGEN	NOM_GEN	NOM_PART	SBJ_od	NOM_SUP.EL	ABS_LOC.TOP		NOM_ABL	NOM_ABL	NOM_zbogGEN	SBJ_ot	ERG_ABL	SBJ_men	NOM_ushin	ABS_LAT		NOM_GENdiott	DAT_SUBCONT.ELAT		SBJ_be	SBJ_over	NOM_CONT.EL
